id,date,label
1229742114554220544,2020-02-18 12:19:02+00:00,0.0
1182392222794342400,2019-10-10 20:27:28+00:00,0.0
1278619345900445696,2020-07-02 09:19:42+00:00,0.0
1305942091390947328,2020-09-15 18:50:32+00:00,1.0
1302277227522920448,2020-09-05 16:07:40+00:00,0.0
1193939646037843968,2019-11-11 17:12:48+00:00,2.0
1234886835442266112,2020-03-03 17:02:19+00:00,0.0
1251560147434065920,2020-04-18 17:16:06+00:00,0.0
1259796191459622912,2020-05-11 10:43:12+00:00,1.0
1256530824478052352,2020-05-02 10:27:48+00:00,2.0
1327103914567553025,2020-11-13 04:20:04+00:00,3.0
1242075152310992913,2020-03-23 13:06:07+00:00,0.0
1313046393859313664,2020-10-05 09:20:30+00:00,3.0
1306318320203968514,2020-09-16 19:45:32+00:00,3.0
1174079917597843457,2019-09-17 21:57:20+00:00,3.0
1319220141868142593,2020-10-22 10:12:46+00:00,1.0
1255924225698861057,2020-04-30 18:17:24+00:00,0.0
1290664893591453698,2020-08-04 15:04:24+00:00,0.0
1305139836026843137,2020-09-13 13:42:39+00:00,3.0
1240331347480231937,2020-03-18 17:36:52+00:00,0.0
1192012133275488257,2019-11-06 09:33:33+00:00,0.0
1267718539827240962,2020-06-02 07:23:47+00:00,0.0
1259478964336279552,2020-05-10 13:42:39+00:00,0.0
1309762450498162690,2020-09-26 07:51:17+00:00,2.0
1233823814108229632,2020-02-29 18:38:15+00:00,0.0
1304094368865964034,2020-09-10 16:28:21+00:00,0.0
1303751135803715584,2020-09-09 17:44:27+00:00,2.0
1176427506158788609,2019-09-24 09:25:49+00:00,2.0
1197907914842882048,2019-11-22 16:01:17+00:00,3.0
1250066564025548801,2020-04-14 14:21:08+00:00,0.0
1240298965528006656,2020-03-18 15:28:11+00:00,1.0
1235114430721126402,2020-03-04 08:06:42+00:00,0.0
1228593960551100418,2020-02-15 08:16:41+00:00,1.0
1235151214108692480,2020-03-04 10:32:52+00:00,3.0
1180523040242896896,2019-10-05 16:40:00+00:00,3.0
1189580375007338497,2019-10-30 16:30:37+00:00,2.0
1323018128670994434,2020-11-01 21:44:37+00:00,1.0
1313041237214076928,2020-10-05 09:00:00+00:00,3.0
1303562001491406849,2020-09-09 05:12:54+00:00,0.0
1311347989043179521,2020-09-30 16:51:38+00:00,0.0
1238385959131021313,2020-03-13 08:46:35+00:00,3.0
1192012133275488257,2019-11-06 09:33:33+00:00,0.0
1244277440224071682,2020-03-29 14:57:13+00:00,0.0
1208225074387570688,2019-12-21 03:18:00+00:00,0.0
1296092260010987522,2020-08-19 14:30:49+00:00,2.0
1247402233182007296,2020-04-07 05:54:02+00:00,2.0
1201086053291118598,2019-12-01 10:30:04+00:00,0.0
1321994038757761026,2020-10-30 01:55:14+00:00,0.0
1243561073527029761,2020-03-27 15:30:38+00:00,0.0
1233758611328901121,2020-02-29 14:19:09+00:00,0.0
1270719947463774210,2020-06-10 14:10:18+00:00,0.0
1327162934708015105,2020-11-13 08:14:35+00:00,2.0
1246110013766144002,2020-04-03 16:19:13+00:00,1.0
1304036822947954689,2020-09-10 12:39:41+00:00,0.0
1305256083590729734,2020-09-13 21:24:35+00:00,1.0
1310783381886521344,2020-09-29 03:28:06+00:00,0.0
1322066499058700288,2020-10-30 06:43:10+00:00,2.0
1250066564025548801,2020-04-14 14:21:08+00:00,0.0
1258158305735819267,2020-05-06 22:14:50+00:00,3.0
1236684278337077248,2020-03-08 16:04:43+00:00,0.0
1256663026163314688,2020-05-02 19:13:07+00:00,0.0
1253064845781536768,2020-04-22 20:55:14+00:00,0.0
1301235505137319937,2020-09-02 19:08:14+00:00,3.0
1202245354776862720,2019-12-04 15:16:43+00:00,1.0
1237092540945502213,2020-03-09 19:07:00+00:00,3.0
1234424327438729217,2020-03-02 10:24:28+00:00,1.0
1253994613200883713,2020-04-25 10:29:48+00:00,0.0
1307234611571941379,2020-09-19 08:26:33+00:00,3.0
1245702911365197824,2020-04-02 13:21:32+00:00,0.0
1259478964336279552,2020-05-10 13:42:39+00:00,0.0
1308368078900781056,2020-09-22 11:30:32+00:00,0.0
1253678086119399424,2020-04-24 13:32:02+00:00,3.0
1247580111358001152,2020-04-07 17:40:52+00:00,0.0
1226983827681226753,2020-02-10 21:38:35+00:00,0.0
1281576675835285504,2020-07-10 13:11:04+00:00,3.0
1327009517712773120,2020-11-12 22:04:58+00:00,2.0
1180163766396305408,2019-10-04 16:52:22+00:00,3.0
1242746469775441920,2020-03-25 09:33:42+00:00,3.0
1229763022853476352,2020-02-18 13:42:07+00:00,3.0
1292897287782445061,2020-08-10 18:55:08+00:00,0.0
1208878789629009922,2019-12-22 22:35:37+00:00,3.0
1265213624454459392,2020-05-26 09:30:09+00:00,3.0
1312526451623653378,2020-10-03 22:54:26+00:00,1.0
1178600081706094593,2019-09-30 09:18:51+00:00,3.0
1237821796482768897,2020-03-11 19:24:48+00:00,0.0
1306927416879788033,2020-09-18 12:05:52+00:00,0.0
1263072071808057349,2020-05-20 11:40:23+00:00,0.0
1239111498565398528,2020-03-15 08:49:37+00:00,0.0
1322108387014815744,2020-10-30 09:29:37+00:00,0.0
1252505079338409986,2020-04-21 07:50:55+00:00,2.0
1311347989043179521,2020-09-30 16:51:38+00:00,0.0
1236152894136688647,2020-03-07 04:53:11+00:00,0.0
1304300439840657408,2020-09-11 06:07:12+00:00,0.0
1249425312296906752,2020-04-12 19:53:02+00:00,1.0
1304778795434545153,2020-09-12 13:48:01+00:00,0.0
1318942238366420993,2020-10-21 15:48:29+00:00,1.0
1230127904429920256,2020-02-19 13:52:01+00:00,0.0
1230525031685533696,2020-02-20 16:10:04+00:00,3.0
1300652850268250117,2020-09-01 04:32:59+00:00,2.0
1236548027470491648,2020-03-08 07:03:18+00:00,0.0
1298062597468508161,2020-08-25 01:00:14+00:00,3.0
1327145504338272258,2020-11-13 07:05:20+00:00,1.0
1253453083658588160,2020-04-23 22:37:57+00:00,0.0
1265402778828058630,2020-05-26 22:01:47+00:00,1.0
1305791867607547904,2020-09-15 08:53:36+00:00,1.0
1249607591652741122,2020-04-13 07:57:21+00:00,2.0
1304774575838892033,2020-09-12 13:31:15+00:00,0.0
1304778795434545153,2020-09-12 13:48:01+00:00,0.0
1301614564325371905,2020-09-03 20:14:29+00:00,0.0
1224635331611414529,2020-02-04 10:06:30+00:00,3.0
1233381540907945985,2020-02-28 13:20:49+00:00,1.0
1306893268593115137,2020-09-18 09:50:10+00:00,2.0
1303555783154700288,2020-09-09 04:48:12+00:00,1.0
1251939321789190144,2020-04-19 18:22:48+00:00,2.0
1243561073527029761,2020-03-27 15:30:38+00:00,0.0
1306663356116467713,2020-09-17 18:36:35+00:00,0.0
1292095475328245762,2020-08-08 13:49:01+00:00,0.0
1246531343477092353,2020-04-04 20:13:26+00:00,1.0
1216773027007991808,2020-01-13 17:24:30+00:00,0.0
1234232202826743810,2020-03-01 21:41:02+00:00,0.0
1293813674415620096,2020-08-13 07:36:32+00:00,0.0
1306927416879788033,2020-09-18 12:05:52+00:00,0.0
1306341527854231552,2020-09-16 21:17:45+00:00,0.0
1216916582007549952,2020-01-14 02:54:57+00:00,0.0
1171447019765813252,2019-09-10 15:35:08+00:00,3.0
1221808041127043082,2020-01-27 14:51:51+00:00,3.0
1293813674415620096,2020-08-13 07:36:32+00:00,0.0
1307234611571941379,2020-09-19 08:26:33+00:00,3.0
1266005766462464009,2020-05-28 13:57:50+00:00,0.0
1213926039782666241,2020-01-05 20:51:36+00:00,3.0
1252606924861911040,2020-04-21 14:35:37+00:00,2.0
1303810119935852545,2020-09-09 21:38:50+00:00,0.0
1307262984574689280,2020-09-19 10:19:17+00:00,3.0
1295669989580722176,2020-08-18 10:32:52+00:00,3.0
1191445841061568518,2019-11-04 20:03:19+00:00,0.0
1322872468219060224,2020-11-01 12:05:48+00:00,0.0
1218844356175466496,2020-01-19 10:35:14+00:00,0.0
1310877097376743424,2020-09-29 09:40:29+00:00,3.0
1304163368899694597,2020-09-10 21:02:31+00:00,0.0
1250315688423460866,2020-04-15 06:51:04+00:00,1.0
1313001933674668033,2020-10-05 06:23:50+00:00,3.0
1248943153480192000,2020-04-11 11:57:06+00:00,0.0
1309529952107343878,2020-09-25 16:27:25+00:00,2.0
1247423447107584000,2020-04-07 07:18:20+00:00,0.0
1276378789405233152,2020-06-26 04:56:32+00:00,1.0
1311343830021570560,2020-09-30 16:35:07+00:00,3.0
1240168587400228864,2020-03-18 06:50:07+00:00,0.0
1170768541659926528,2019-09-08 18:39:06+00:00,1.0
1313041237214076928,2020-10-05 09:00:00+00:00,3.0
1310651229073178625,2020-09-28 18:42:58+00:00,0.0
1185208499908829184,2019-10-18 14:58:21+00:00,1.0
1224435777188192257,2020-02-03 20:53:32+00:00,0.0
1253678086119399424,2020-04-24 13:32:02+00:00,3.0
1311679612251000835,2020-10-01 14:49:24+00:00,1.0
1307814640198602754,2020-09-20 22:51:22+00:00,2.0
1237245746128343040,2020-03-10 05:15:47+00:00,1.0
1327250904886747136,2020-11-13 14:04:09+00:00,0.0
1238086048082735105,2020-03-12 12:54:51+00:00,1.0
1235454872285216768,2020-03-05 06:39:29+00:00,0.0
1200093210384711685,2019-11-28 16:44:52+00:00,1.0
1228593960551100418,2020-02-15 08:16:41+00:00,1.0
1260674622485340160,2020-05-13 20:53:46+00:00,3.0
1300806686853271553,2020-09-01 14:44:16+00:00,2.0
1267425673825550336,2020-06-01 12:00:02+00:00,0.0
1307771354683498497,2020-09-20 19:59:22+00:00,3.0
1312546048972386305,2020-10-04 00:12:18+00:00,1.0
1238028687846584320,2020-03-12 09:06:55+00:00,0.0
1235454872285216768,2020-03-05 06:39:29+00:00,0.0
1308995599635820545,2020-09-24 05:04:05+00:00,0.0
1305842016178364416,2020-09-15 12:12:52+00:00,2.0
1327273505725902848,2020-11-13 15:33:57+00:00,0.0
1240168587400228864,2020-03-18 06:50:07+00:00,0.0
1251884387114913798,2020-04-19 14:44:31+00:00,0.0
1318637683359567877,2020-10-20 19:38:17+00:00,1.0
1191610782607454208,2019-11-05 06:58:44+00:00,1.0
1201537642430685198,2019-12-02 16:24:32+00:00,3.0
1245451944723918851,2020-04-01 20:44:17+00:00,2.0
1313041237214076928,2020-10-05 09:00:00+00:00,3.0
1310648310517161985,2020-09-28 18:31:22+00:00,3.0
1320353930807738368,2020-10-25 13:18:02+00:00,0.0
1304095835274313731,2020-09-10 16:34:10+00:00,3.0
1254701673068494849,2020-04-27 09:19:24+00:00,0.0
1244762399367979008,2020-03-30 23:04:17+00:00,1.0
1315938308338442240,2020-10-13 08:51:56+00:00,2.0
1204115388449075204,2019-12-09 19:07:34+00:00,1.0
1249785780874207232,2020-04-13 19:45:24+00:00,0.0
1313977878007013376,2020-10-07 23:01:53+00:00,0.0
1304118553604272128,2020-09-10 18:04:27+00:00,0.0
1305902676203446275,2020-09-15 16:13:55+00:00,2.0
1214970262933954562,2020-01-08 18:00:58+00:00,3.0
1305948315352170497,2020-09-15 19:15:16+00:00,2.0
1295327780079575041,2020-08-17 11:53:03+00:00,0.0
1217336002445885440,2020-01-15 06:41:34+00:00,1.0
1174079917597843457,2019-09-17 21:57:20+00:00,3.0
1258242882537996289,2020-05-07 03:50:54+00:00,1.0
1285477718264614913,2020-07-21 07:32:25+00:00,1.0
1327162934708015105,2020-11-13 08:14:35+00:00,2.0
1293884580232126464,2020-08-13 12:18:17+00:00,1.0
1229763022853476352,2020-02-18 13:42:07+00:00,3.0
1310611987915837441,2020-09-28 16:07:02+00:00,3.0
1189563404714950657,2019-10-30 15:23:11+00:00,0.0
1224423045823111168,2020-02-03 20:02:57+00:00,0.0
1327057696168689664,2020-11-13 01:16:24+00:00,2.0
1247787782837166085,2020-04-08 07:26:04+00:00,0.0
1240266783677956098,2020-03-18 13:20:18+00:00,0.0
1260238222661169152,2020-05-12 15:59:41+00:00,0.0
1250445631069589509,2020-04-15 15:27:25+00:00,0.0
1252217053332664326,2020-04-20 12:46:25+00:00,2.0
1263744154045202432,2020-05-22 08:11:00+00:00,0.0
1245451944723918851,2020-04-01 20:44:17+00:00,2.0
1237245746128343040,2020-03-10 05:15:47+00:00,1.0
1308995599635820545,2020-09-24 05:04:05+00:00,0.0
1234232202826743810,2020-03-01 21:41:02+00:00,0.0
1210885626607931398,2019-12-28 11:30:05+00:00,1.0
1298369811488092160,2020-08-25 21:21:00+00:00,3.0
1255854085280083982,2020-04-30 13:38:41+00:00,0.0
1209105481790296070,2019-12-23 13:36:25+00:00,0.0
1264440912626753541,2020-05-24 06:19:40+00:00,1.0
1235680413034491904,2020-03-05 21:35:42+00:00,2.0
1189965073063780358,2019-10-31 17:59:16+00:00,1.0
1211667062994550784,2019-12-30 15:15:14+00:00,3.0
1243935793586081793,2020-03-28 16:19:39+00:00,0.0
1216773027007991808,2020-01-13 17:24:30+00:00,0.0
1298415892280287232,2020-08-26 00:24:06+00:00,2.0
1215768308357705728,2020-01-10 22:52:07+00:00,1.0
1245709999264788480,2020-04-02 13:49:42+00:00,0.0
1251563135393247234,2020-04-18 17:27:59+00:00,0.0
1313767974252277760,2020-10-07 09:07:48+00:00,2.0
1304036822947954689,2020-09-10 12:39:41+00:00,0.0
1270287211561472002,2020-06-09 09:30:46+00:00,2.0
1189994634384199681,2019-10-31 19:56:44+00:00,0.0
1282735543164399616,2020-07-13 17:56:00+00:00,0.0
1299783632077422602,2020-08-29 18:59:01+00:00,0.0
1238614243580264450,2020-03-13 23:53:42+00:00,3.0
1307022455282827264,2020-09-18 18:23:31+00:00,1.0
1218199421676068865,2020-01-17 15:52:29+00:00,2.0
1231633650183266312,2020-02-23 17:35:19+00:00,3.0
1314181999431745539,2020-10-08 12:32:59+00:00,3.0
1266005766462464009,2020-05-28 13:57:50+00:00,0.0
1259041751110746112,2020-05-09 08:45:19+00:00,2.0
1293884580232126464,2020-08-13 12:18:17+00:00,1.0
1260167603189841928,2020-05-12 11:19:04+00:00,0.0
1261991218487136257,2020-05-17 12:05:27+00:00,1.0
1260230721739907074,2020-05-12 15:29:52+00:00,0.0
1180737380040531969,2019-10-06 06:51:43+00:00,3.0
1290305228152156160,2020-08-03 15:15:13+00:00,0.0
1304013969716391936,2020-09-10 11:08:52+00:00,1.0
1274261698715754496,2020-06-20 08:43:58+00:00,0.0
1209485301447573505,2019-12-24 14:45:41+00:00,0.0
1309182728265494534,2020-09-24 17:27:40+00:00,3.0
1263754409265242112,2020-05-22 08:51:45+00:00,2.0
1306112981994885123,2020-09-16 06:09:35+00:00,0.0
1325483631884857345,2020-11-08 17:01:38+00:00,0.0
1243938444201648129,2020-03-28 16:30:11+00:00,0.0
1310885849182031872,2020-09-29 10:15:16+00:00,0.0
1312027397466853376,2020-10-02 13:51:22+00:00,0.0
1174328481708199939,2019-09-18 14:25:02+00:00,1.0
1321978228399955968,2020-10-30 00:52:25+00:00,3.0
1235633698126450688,2020-03-05 18:30:05+00:00,3.0
1272164577980100609,2020-06-14 13:50:45+00:00,3.0
1292704292546043904,2020-08-10 06:08:15+00:00,0.0
1258350438673457152,2020-05-07 10:58:18+00:00,3.0
1327250904886747136,2020-11-13 14:04:09+00:00,0.0
1254865893089132544,2020-04-27 20:11:57+00:00,0.0
1302124705248358400,2020-09-05 06:01:36+00:00,2.0
1292386225635102722,2020-08-09 09:04:22+00:00,0.0
1295792344860590082,2020-08-18 18:39:04+00:00,3.0
1307366445320466433,2020-09-19 17:10:24+00:00,0.0
1309182728265494534,2020-09-24 17:27:40+00:00,3.0
1267425673825550336,2020-06-01 12:00:02+00:00,0.0
1170986433760419840,2019-09-09 09:04:56+00:00,1.0
1306557291974533120,2020-09-17 11:35:07+00:00,2.0
1226146638550511616,2020-02-08 14:11:53+00:00,0.0
1322424071565561856,2020-10-31 06:24:02+00:00,2.0
1189062905846734849,2019-10-29 06:14:23+00:00,2.0
1224718008968523776,2020-02-04 15:35:02+00:00,0.0
1222477311787880449,2020-01-29 11:11:18+00:00,1.0
1303640028074172416,2020-09-09 10:22:57+00:00,0.0
1297866002747793415,2020-08-24 11:59:02+00:00,0.0
1189563404714950657,2019-10-30 15:23:11+00:00,0.0
1213387088642469888,2020-01-04 09:10:00+00:00,2.0
1170662475055927297,2019-09-08 11:37:38+00:00,1.0
1306557291974533120,2020-09-17 11:35:07+00:00,2.0
1177057073550516224,2019-09-26 03:07:29+00:00,2.0
1263481351346499588,2020-05-21 14:46:43+00:00,1.0
1286862326789025794,2020-07-25 03:14:22+00:00,0.0
1245312453094883328,2020-04-01 11:30:00+00:00,0.0
1263143690983419906,2020-05-20 16:24:58+00:00,0.0
1306893268593115137,2020-09-18 09:50:10+00:00,2.0
1245048554332225542,2020-03-31 18:01:21+00:00,3.0
1194512757397315585,2019-11-13 07:10:08+00:00,1.0
1305806511374045186,2020-09-15 09:51:47+00:00,0.0
1315683360845504512,2020-10-12 15:58:52+00:00,2.0
1193113437506822144,2019-11-09 10:29:45+00:00,1.0
1213620619545370625,2020-01-05 00:37:58+00:00,0.0
1233823814108229632,2020-02-29 18:38:15+00:00,0.0
1263568887427317764,2020-05-21 20:34:33+00:00,0.0
1168865514866782208,2019-09-03 12:37:09+00:00,0.0
1234496340480139267,2020-03-02 15:10:38+00:00,2.0
1318667055151931392,2020-10-20 21:35:00+00:00,1.0
1235110022645866502,2020-03-04 07:49:11+00:00,3.0
1286862326789025794,2020-07-25 03:14:22+00:00,0.0
1247402233182007296,2020-04-07 05:54:02+00:00,2.0
1189859631562153985,2019-10-31 11:00:17+00:00,0.0
1326540858494119938,2020-11-11 15:02:41+00:00,0.0
1255008585320484864,2020-04-28 05:38:58+00:00,1.0
1198215258239913985,2019-11-23 12:22:33+00:00,2.0
1183427141163200512,2019-10-13 16:59:52+00:00,1.0
1234948278296379393,2020-03-03 21:06:28+00:00,2.0
1267425673825550336,2020-06-01 12:00:02+00:00,0.0
1297866002747793415,2020-08-24 11:59:02+00:00,0.0
1250929491410477056,2020-04-16 23:30:06+00:00,3.0
1236616165151125510,2020-03-08 11:34:03+00:00,0.0
1240113307975065602,2020-03-18 03:10:27+00:00,0.0
1307639198564921344,2020-09-20 11:14:14+00:00,1.0
1282735543164399616,2020-07-13 17:56:00+00:00,0.0
1198331687714934785,2019-11-23 20:05:12+00:00,3.0
1183335484040400898,2019-10-13 10:55:39+00:00,0.0
1196791998520406016,2019-11-19 14:07:02+00:00,1.0
1237791991137738752,2020-03-11 17:26:22+00:00,1.0
1245627979255799808,2020-04-02 08:23:47+00:00,3.0
1313046393859313664,2020-10-05 09:20:30+00:00,3.0
1310958773935247360,2020-09-29 15:05:02+00:00,0.0
1317439750144393217,2020-10-17 12:18:07+00:00,1.0
1308086207478460421,2020-09-21 16:50:29+00:00,0.0
1189965073063780358,2019-10-31 17:59:16+00:00,1.0
1307767079718850560,2020-09-20 19:42:23+00:00,2.0
1310601818704089088,2020-09-28 15:26:38+00:00,1.0
1234424327438729217,2020-03-02 10:24:28+00:00,1.0
1273888265544830979,2020-06-19 08:00:04+00:00,0.0
1209485301447573505,2019-12-24 14:45:41+00:00,0.0
1259048948305715203,2020-05-09 09:13:55+00:00,3.0
1235161615231643650,2020-03-04 11:14:11+00:00,0.0
1326985837955919873,2020-11-12 20:30:52+00:00,3.0
1325336132926787584,2020-11-08 07:15:32+00:00,2.0
1193572955911008257,2019-11-10 16:55:42+00:00,0.0
1221808041127043082,2020-01-27 14:51:51+00:00,3.0
1319239450719825921,2020-10-22 11:29:29+00:00,0.0
1303738112225533952,2020-09-09 16:52:42+00:00,2.0
1234771548613095425,2020-03-03 09:24:12+00:00,0.0
1204335285515038720,2019-12-10 09:41:22+00:00,1.0
1307638947707842561,2020-09-20 11:13:14+00:00,0.0
1304036822947954689,2020-09-10 12:39:41+00:00,0.0
1256126885035233281,2020-05-01 07:42:41+00:00,1.0
1299783632077422602,2020-08-29 18:59:01+00:00,0.0
1307814640198602754,2020-09-20 22:51:22+00:00,2.0
1242409466974343168,2020-03-24 11:14:34+00:00,0.0
1308711730688733185,2020-09-23 10:16:05+00:00,1.0
1292754580024053760,2020-08-10 09:28:04+00:00,0.0
1316582341205204992,2020-10-15 03:31:05+00:00,0.0
1305063542924759040,2020-09-13 08:39:30+00:00,2.0
1225216496068104192,2020-02-06 00:35:50+00:00,0.0
1309182728265494534,2020-09-24 17:27:40+00:00,3.0
1188487043518742529,2019-10-27 16:06:06+00:00,1.0
1228047315136581633,2020-02-13 20:04:30+00:00,0.0
1180357450173747200,2019-10-05 05:42:00+00:00,1.0
1247787782837166085,2020-04-08 07:26:04+00:00,0.0
1318667055151931392,2020-10-20 21:35:00+00:00,1.0
1256126885035233281,2020-05-01 07:42:41+00:00,1.0
1327131927904710656,2020-11-13 06:11:23+00:00,0.0
1231979399123210240,2020-02-24 16:29:12+00:00,0.0
1183742263865810944,2019-10-14 13:52:03+00:00,0.0
1284441802423009281,2020-07-18 10:56:04+00:00,0.0
1251928785726906368,2020-04-19 17:40:56+00:00,0.0
1300806147583225858,2020-09-01 14:42:08+00:00,0.0
1223595535455617025,2020-02-01 13:14:43+00:00,0.0
1306122755176308736,2020-09-16 06:48:26+00:00,0.0
1194600049302478848,2019-11-13 12:57:01+00:00,0.0
1252857170351157248,2020-04-22 07:10:01+00:00,3.0
1233823814108229632,2020-02-29 18:38:15+00:00,0.0
1248943153480192000,2020-04-11 11:57:06+00:00,0.0
1264172513224990720,2020-05-23 12:33:08+00:00,0.0
1278394795946360833,2020-07-01 18:27:25+00:00,0.0
1310590345546137600,2020-09-28 14:41:02+00:00,1.0
1311050340897185792,2020-09-29 21:08:54+00:00,3.0
1183073590717177857,2019-10-12 17:34:59+00:00,1.0
1189119035780337666,2019-10-29 09:57:25+00:00,0.0
1198302823320051718,2019-11-23 18:10:31+00:00,0.0
1254007144984326144,2020-04-25 11:19:36+00:00,0.0
1214145804983840769,2020-01-06 11:24:52+00:00,0.0
1210144741523890176,2019-12-26 10:26:04+00:00,1.0
1304788967867457537,2020-09-12 14:28:26+00:00,0.0
1237613744076787713,2020-03-11 05:38:04+00:00,0.0
1183335484040400898,2019-10-13 10:55:39+00:00,0.0
1214627234415366145,2020-01-07 19:17:54+00:00,0.0
1236401958031962114,2020-03-07 21:22:52+00:00,1.0
1209000572248035328,2019-12-23 06:39:33+00:00,0.0
1196892882952761344,2019-11-19 20:47:55+00:00,0.0
1303738112225533952,2020-09-09 16:52:42+00:00,2.0
1168300347854610432,2019-09-01 23:11:23+00:00,0.0
1171341005188227072,2019-09-10 08:33:52+00:00,0.0
1247861060918562828,2020-04-08 12:17:15+00:00,1.0
1293124591750176768,2020-08-11 09:58:22+00:00,0.0
1320508827356246017,2020-10-25 23:33:32+00:00,0.0
1225216496068104192,2020-02-06 00:35:50+00:00,0.0
1180545754181574658,2019-10-05 18:10:15+00:00,0.0
1259040067173089280,2020-05-09 08:38:38+00:00,3.0
1235628531180335105,2020-03-05 18:09:33+00:00,0.0
1310902593820950528,2020-09-29 11:21:48+00:00,3.0
1238385959131021313,2020-03-13 08:46:35+00:00,3.0
1185273735449923584,2019-10-18 19:17:34+00:00,0.0
1237255096024653830,2020-03-10 05:52:56+00:00,1.0
1196791998520406016,2019-11-19 14:07:02+00:00,1.0
1313076747198500868,2020-10-05 11:21:06+00:00,0.0
1322079651527872514,2020-10-30 07:35:26+00:00,1.0
1219942709118500865,2020-01-22 11:19:41+00:00,1.0
1266977190979256321,2020-05-31 06:17:56+00:00,0.0
1301855484232765441,2020-09-04 12:11:49+00:00,0.0
1302938318708105216,2020-09-07 11:54:37+00:00,0.0
1218868229583593473,2020-01-19 12:10:06+00:00,3.0
1327145504338272258,2020-11-13 07:05:20+00:00,1.0
1256179054220390400,2020-05-01 11:09:59+00:00,0.0
1292386225635102722,2020-08-09 09:04:22+00:00,0.0
1186318791187357703,2019-10-21 16:30:15+00:00,1.0
1306318320203968514,2020-09-16 19:45:32+00:00,3.0
1308299505612156928,2020-09-22 06:58:03+00:00,1.0
1291747209432559616,2020-08-07 14:45:08+00:00,0.0
1303412639637409792,2020-09-08 19:19:24+00:00,0.0
1192466729152192512,2019-11-07 15:39:57+00:00,2.0
1310590345546137600,2020-09-28 14:41:02+00:00,1.0
1234498175345528833,2020-03-02 15:17:55+00:00,0.0
1191713772991385602,2019-11-05 13:47:59+00:00,3.0
1237086280426688513,2020-03-09 18:42:07+00:00,3.0
1273893143772094467,2020-06-19 08:19:27+00:00,3.0
1306927416879788033,2020-09-18 12:05:52+00:00,0.0
1186264774730027010,2019-10-21 12:55:36+00:00,1.0
1234801060428075011,2020-03-03 11:21:28+00:00,0.0
1263143690983419906,2020-05-20 16:24:58+00:00,0.0
1234421814543179776,2020-03-02 10:14:29+00:00,1.0
1208453729780940800,2019-12-21 18:26:35+00:00,3.0
1303592887129645056,2020-09-09 07:15:38+00:00,0.0
1291747209432559616,2020-08-07 14:45:08+00:00,0.0
1307953481563746304,2020-09-21 08:03:05+00:00,0.0
1292704292546043904,2020-08-10 06:08:15+00:00,0.0
1247899016559394820,2020-04-08 14:48:05+00:00,1.0
1248167731838492672,2020-04-09 08:35:51+00:00,1.0
1318667055151931392,2020-10-20 21:35:00+00:00,1.0
1245664784307150848,2020-04-02 10:50:02+00:00,0.0
1286862326789025794,2020-07-25 03:14:22+00:00,0.0
1259138571077910531,2020-05-09 15:10:03+00:00,1.0
1207016207137853440,2019-12-17 19:14:23+00:00,1.0
1201574309417963520,2019-12-02 18:50:14+00:00,3.0
1310778373170438144,2020-09-29 03:08:11+00:00,3.0
1206157941176487936,2019-12-15 10:23:57+00:00,3.0
1214573690572201984,2020-01-07 15:45:08+00:00,1.0
1317007417302024193,2020-10-16 07:40:11+00:00,3.0
1258024273375100928,2020-05-06 13:22:14+00:00,0.0
1310710565623431168,2020-09-28 22:38:45+00:00,0.0
1307384686595969027,2020-09-19 18:22:53+00:00,2.0
1246770461700247552,2020-04-05 12:03:36+00:00,0.0
1267046249213104128,2020-05-31 10:52:21+00:00,1.0
1293813674415620096,2020-08-13 07:36:32+00:00,0.0
1184733784685469696,2019-10-17 07:32:00+00:00,0.0
1188030074907512837,2019-10-26 09:50:17+00:00,3.0
1246321494499700736,2020-04-04 06:19:34+00:00,0.0
1318582229027651584,2020-10-20 15:57:56+00:00,0.0
1264440912626753541,2020-05-24 06:19:40+00:00,1.0
1234434781317865474,2020-03-02 11:06:01+00:00,0.0
1250032009315049476,2020-04-14 12:03:50+00:00,3.0
1260624202945622016,2020-05-13 17:33:25+00:00,2.0
1194512757397315585,2019-11-13 07:10:08+00:00,1.0
1327317130140934144,2020-11-13 18:27:18+00:00,3.0
1312085099056431104,2020-10-02 17:40:39+00:00,0.0
1305728767747334144,2020-09-15 04:42:52+00:00,3.0
1301487939352956929,2020-09-03 11:51:19+00:00,0.0
1230503551958474752,2020-02-20 14:44:43+00:00,3.0
1232416308949585922,2020-02-25 21:25:19+00:00,0.0
1247269244196261889,2020-04-06 21:05:35+00:00,1.0
1322066499058700288,2020-10-30 06:43:10+00:00,2.0
1322084603889389568,2020-10-30 07:55:07+00:00,1.0
1303555783154700288,2020-09-09 04:48:12+00:00,1.0
1322056693048594432,2020-10-30 06:04:12+00:00,0.0
1311636785957605377,2020-10-01 11:59:13+00:00,2.0
1227895744234913792,2020-02-13 10:02:13+00:00,1.0
1251622217634525188,2020-04-18 21:22:45+00:00,0.0
1308995599635820545,2020-09-24 05:04:05+00:00,0.0
1321023797533806593,2020-10-27 09:39:51+00:00,0.0
1235110022645866502,2020-03-04 07:49:11+00:00,3.0
1178409905994293248,2019-09-29 20:43:10+00:00,1.0
1274987844919078913,2020-06-22 08:49:25+00:00,0.0
1220147499169722368,2020-01-23 00:53:27+00:00,0.0
1235957823760150528,2020-03-06 15:58:02+00:00,0.0
1307399939127902208,2020-09-19 19:23:30+00:00,3.0
1270659657674170368,2020-06-10 10:10:44+00:00,0.0
1318899003631849472,2020-10-21 12:56:41+00:00,0.0
1280499476428476417,2020-07-07 13:50:40+00:00,2.0
1235510793225068546,2020-03-05 10:21:42+00:00,1.0
1311636498312245253,2020-10-01 11:58:04+00:00,1.0
1305133599071629313,2020-09-13 13:17:52+00:00,0.0
1228047315136581633,2020-02-13 20:04:30+00:00,0.0
1307771354683498497,2020-09-20 19:59:22+00:00,3.0
1256197177476603906,2020-05-01 12:22:00+00:00,3.0
1245630964685930496,2020-04-02 08:35:39+00:00,2.0
1304420789748404224,2020-09-11 14:05:25+00:00,0.0
1241265097575665664,2020-03-21 07:27:15+00:00,3.0
1295461216215859202,2020-08-17 20:43:17+00:00,0.0
1277613736547823616,2020-06-29 14:43:46+00:00,3.0
1252512702024613888,2020-04-21 08:21:13+00:00,2.0
1318582229027651584,2020-10-20 15:57:56+00:00,0.0
1247412822327341058,2020-04-07 06:36:07+00:00,3.0
1327273505725902848,2020-11-13 15:33:57+00:00,0.0
1259048948305715203,2020-05-09 09:13:55+00:00,3.0
1188030074907512837,2019-10-26 09:50:17+00:00,3.0
1246770461700247552,2020-04-05 12:03:36+00:00,0.0
1308995599635820545,2020-09-24 05:04:05+00:00,0.0
1212364137885523968,2020-01-01 13:25:09+00:00,3.0
1305828467536203776,2020-09-15 11:19:02+00:00,3.0
1303608350287048709,2020-09-09 08:17:05+00:00,0.0
1225087711947710465,2020-02-05 16:04:06+00:00,0.0
1312085099056431104,2020-10-02 17:40:39+00:00,0.0
1235528015385329675,2020-03-05 11:30:08+00:00,3.0
1221410336252792832,2020-01-26 12:31:31+00:00,3.0
1183335484040400898,2019-10-13 10:55:39+00:00,0.0
1304496224289071112,2020-09-11 19:05:10+00:00,0.0
1267425673825550336,2020-06-01 12:00:02+00:00,0.0
1301157190523408384,2020-09-02 13:57:03+00:00,0.0
1194512757397315585,2019-11-13 07:10:08+00:00,1.0
1252505079338409986,2020-04-21 07:50:55+00:00,2.0
1241692809578643457,2020-03-22 11:46:49+00:00,2.0
1177885664131436546,2019-09-28 10:00:01+00:00,2.0
1168455863104942080,2019-09-02 09:29:21+00:00,0.0
1257026954638888966,2020-05-03 19:19:15+00:00,3.0
1219970750867759104,2020-01-22 13:11:07+00:00,3.0
1259048948305715203,2020-05-09 09:13:55+00:00,3.0
1244280524799123457,2020-03-29 15:09:29+00:00,0.0
1172376475397308418,2019-09-13 05:08:28+00:00,1.0
1234424327438729217,2020-03-02 10:24:28+00:00,1.0
1250066564025548801,2020-04-14 14:21:08+00:00,0.0
1253994613200883713,2020-04-25 10:29:48+00:00,0.0
1298025325214015488,2020-08-24 22:32:08+00:00,2.0
1189859631562153985,2019-10-31 11:00:17+00:00,0.0
1240298965528006656,2020-03-18 15:28:11+00:00,1.0
1303989220793556993,2020-09-10 09:30:31+00:00,0.0
1245451944723918851,2020-04-01 20:44:17+00:00,2.0
1305902676203446275,2020-09-15 16:13:55+00:00,2.0
1258067857881128960,2020-05-06 16:15:25+00:00,0.0
1307022455282827264,2020-09-18 18:23:31+00:00,1.0
1327317130140934144,2020-11-13 18:27:18+00:00,3.0
1322211703367499777,2020-10-30 16:20:10+00:00,0.0
1258242882537996289,2020-05-07 03:50:54+00:00,1.0
1304558083637735424,2020-09-11 23:10:59+00:00,0.0
1195306713907224577,2019-11-15 11:45:02+00:00,3.0
1310085561156349955,2020-09-27 05:15:12+00:00,0.0
1327021494778679298,2020-11-12 22:52:33+00:00,0.0
1197741679870185474,2019-11-22 05:00:44+00:00,1.0
1213139342975291396,2020-01-03 16:45:33+00:00,1.0
1204707643958480897,2019-12-11 10:20:59+00:00,3.0
1272164577980100609,2020-06-14 13:50:45+00:00,3.0
1325427290692530176,2020-11-08 13:17:46+00:00,2.0
1311332136675430405,2020-09-30 15:48:39+00:00,0.0
1311107628865654784,2020-09-30 00:56:32+00:00,1.0
1240298965528006656,2020-03-18 15:28:11+00:00,1.0
1315938308338442240,2020-10-13 08:51:56+00:00,2.0
1242045072029421570,2020-03-23 11:06:35+00:00,1.0
1217598544821071873,2020-01-16 00:04:49+00:00,3.0
1177425112108171264,2019-09-27 03:29:56+00:00,0.0
1234535680845500420,2020-03-02 17:46:57+00:00,3.0
1200799657129119744,2019-11-30 15:32:02+00:00,3.0
1305508656008622086,2020-09-14 14:08:13+00:00,0.0
1223159639899955200,2020-01-31 08:22:38+00:00,2.0
1250032009315049476,2020-04-14 12:03:50+00:00,3.0
1193939646037843968,2019-11-11 17:12:48+00:00,2.0
1311024300036689921,2020-09-29 19:25:25+00:00,2.0
1305170331603214336,2020-09-13 15:43:50+00:00,1.0
1263481351346499588,2020-05-21 14:46:43+00:00,1.0
1296092260010987522,2020-08-19 14:30:49+00:00,2.0
1314935805966782465,2020-10-10 14:28:21+00:00,3.0
1240536111899959297,2020-03-19 07:10:31+00:00,1.0
1235196778351296515,2020-03-04 13:33:55+00:00,2.0
1311305845888618496,2020-09-30 14:04:11+00:00,0.0
1266718825191321600,2020-05-30 13:11:17+00:00,0.0
1303652422909407232,2020-09-09 11:12:12+00:00,0.0
1305466905789108224,2020-09-14 11:22:19+00:00,2.0
1254707922753503232,2020-04-27 09:44:14+00:00,0.0
1310601571496013825,2020-09-28 15:25:39+00:00,2.0
1209485301447573505,2019-12-24 14:45:41+00:00,0.0
1303730567935070208,2020-09-09 16:22:44+00:00,1.0
1251870682360799235,2020-04-19 13:50:03+00:00,0.0
1281576675835285504,2020-07-10 13:11:04+00:00,3.0
1233381540907945985,2020-02-28 13:20:49+00:00,1.0
1223018557052792832,2020-01-30 23:02:01+00:00,3.0
1251870682360799235,2020-04-19 13:50:03+00:00,0.0
1320508827356246017,2020-10-25 23:33:32+00:00,0.0
1302938318708105216,2020-09-07 11:54:37+00:00,0.0
1313041237214076928,2020-10-05 09:00:00+00:00,3.0
1250032009315049476,2020-04-14 12:03:50+00:00,3.0
1236548027470491648,2020-03-08 07:03:18+00:00,0.0
1295276962383110144,2020-08-17 08:31:07+00:00,3.0
1291747209432559616,2020-08-07 14:45:08+00:00,0.0
1242445575586529280,2020-03-24 13:38:03+00:00,0.0
1295001297825992704,2020-08-16 14:15:44+00:00,0.0
1254865893089132544,2020-04-27 20:11:57+00:00,0.0
1250112957956198401,2020-04-14 17:25:29+00:00,0.0
1250032009315049476,2020-04-14 12:03:50+00:00,3.0
1194276820339740672,2019-11-12 15:32:37+00:00,1.0
1247275584226578438,2020-04-06 21:30:47+00:00,3.0
1310954936407130113,2020-09-29 14:49:47+00:00,2.0
1229731958260891650,2020-02-18 11:38:40+00:00,3.0
1292897287782445061,2020-08-10 18:55:08+00:00,0.0
1303704116422533122,2020-09-09 14:37:37+00:00,0.0
1250363397893480448,2020-04-15 10:00:39+00:00,0.0
1310954936407130113,2020-09-29 14:49:47+00:00,2.0
1175137455575642112,2019-09-20 19:59:37+00:00,3.0
1205762743267184641,2019-12-14 08:13:34+00:00,2.0
1250066564025548801,2020-04-14 14:21:08+00:00,0.0
1311560267738697729,2020-10-01 06:55:10+00:00,3.0
1321978228399955968,2020-10-30 00:52:25+00:00,3.0
1292704292546043904,2020-08-10 06:08:15+00:00,0.0
1250112957956198401,2020-04-14 17:25:29+00:00,0.0
1293522714666381318,2020-08-12 12:20:22+00:00,0.0
1304697433344049152,2020-09-12 08:24:42+00:00,0.0
1233868691726532611,2020-02-29 21:36:34+00:00,1.0
1316541731035394048,2020-10-15 00:49:43+00:00,0.0
1229731958260891650,2020-02-18 11:38:40+00:00,3.0
1327218070407032832,2020-11-13 11:53:41+00:00,3.0
1172376475397308418,2019-09-13 05:08:28+00:00,1.0
1202878553555124224,2019-12-06 09:12:50+00:00,1.0
1317404339544129536,2020-10-17 09:57:25+00:00,1.0
1274212118024409088,2020-06-20 05:26:57+00:00,0.0
1295786896551899136,2020-08-18 18:17:25+00:00,0.0
1307255202790223876,2020-09-19 09:48:22+00:00,3.0
1321978228399955968,2020-10-30 00:52:25+00:00,3.0
1291747209432559616,2020-08-07 14:45:08+00:00,0.0
1313076747198500868,2020-10-05 11:21:06+00:00,0.0
1296061217560309763,2020-08-19 12:27:28+00:00,3.0
1307639198564921344,2020-09-20 11:14:14+00:00,1.0
1305149670654701570,2020-09-13 14:21:44+00:00,1.0
1321741879596273664,2020-10-29 09:13:15+00:00,2.0
1177907826578067456,2019-09-28 11:28:04+00:00,1.0
1202325735236624385,2019-12-04 20:36:08+00:00,1.0
1234481065231896576,2020-03-02 14:09:56+00:00,0.0
1305942091390947328,2020-09-15 18:50:32+00:00,1.0
1219373096529989633,2020-01-20 21:36:15+00:00,3.0
1211290272245542912,2019-12-29 14:18:00+00:00,3.0
1309182728265494534,2020-09-24 17:27:40+00:00,3.0
1310963635619946496,2020-09-29 15:24:21+00:00,2.0
1261180292284506112,2020-05-15 06:23:07+00:00,3.0
1322157477517955072,2020-10-30 12:44:41+00:00,1.0
1172376475397308418,2019-09-13 05:08:28+00:00,1.0
1231993795006386177,2020-02-24 17:26:24+00:00,1.0
1218282459021955072,2020-01-17 21:22:27+00:00,0.0
1226419463265890304,2020-02-09 08:16:00+00:00,0.0
1322194611683627010,2020-10-30 15:12:15+00:00,0.0
1227385191683022849,2020-02-12 00:13:28+00:00,1.0
1219373096529989633,2020-01-20 21:36:15+00:00,3.0
1176526161641213953,2019-09-24 15:57:50+00:00,0.0
1236183921781551105,2020-03-07 06:56:28+00:00,1.0
1322213125559640064,2020-10-30 16:25:49+00:00,0.0
1222159419242315776,2020-01-28 14:08:06+00:00,3.0
1307638947707842561,2020-09-20 11:13:14+00:00,0.0
1234434781317865474,2020-03-02 11:06:01+00:00,0.0
1305902676203446275,2020-09-15 16:13:55+00:00,2.0
1243186972463640576,2020-03-26 14:44:06+00:00,0.0
1303580443212681217,2020-09-09 06:26:11+00:00,0.0
1318637683359567877,2020-10-20 19:38:17+00:00,1.0
1247800633177985030,2020-04-08 08:17:08+00:00,2.0
1251884387114913798,2020-04-19 14:44:31+00:00,0.0
1265778096227135493,2020-05-27 22:53:09+00:00,1.0
1216916582007549952,2020-01-14 02:54:57+00:00,0.0
1304386311437066240,2020-09-11 11:48:25+00:00,1.0
1216773027007991808,2020-01-13 17:24:30+00:00,0.0
1327197012891033601,2020-11-13 10:30:00+00:00,0.0
1206106616405344256,2019-12-15 07:00:00+00:00,0.0
1174079917597843457,2019-09-17 21:57:20+00:00,3.0
1322552441200545792,2020-10-31 14:54:08+00:00,0.0
1185601811916279808,2019-10-19 17:01:14+00:00,0.0
1303595421911089154,2020-09-09 07:25:42+00:00,2.0
1218280939400388608,2020-01-17 21:16:25+00:00,3.0
1240383281931210754,2020-03-18 21:03:14+00:00,0.0
1297194143068766214,2020-08-22 15:29:19+00:00,0.0
1309182728265494534,2020-09-24 17:27:40+00:00,3.0
1312526451623653378,2020-10-03 22:54:26+00:00,1.0
1259796191459622912,2020-05-11 10:43:12+00:00,1.0
1263415297115131904,2020-05-21 10:24:14+00:00,3.0
1265213624454459392,2020-05-26 09:30:09+00:00,3.0
1292024566336884736,2020-08-08 09:07:15+00:00,0.0
1292396897366429696,2020-08-09 09:46:46+00:00,0.0
1304901742933540866,2020-09-12 21:56:34+00:00,2.0
1322212764690141190,2020-10-30 16:24:23+00:00,0.0
1278619345900445696,2020-07-02 09:19:42+00:00,0.0
1295001297825992704,2020-08-16 14:15:44+00:00,0.0
1309529952107343878,2020-09-25 16:27:25+00:00,2.0
1253790986976874496,2020-04-24 21:00:40+00:00,0.0
1206909271755104256,2019-12-17 12:09:28+00:00,0.0
1251560147434065920,2020-04-18 17:16:06+00:00,0.0
1254701673068494849,2020-04-27 09:19:24+00:00,0.0
1168798927077945344,2019-09-03 08:12:34+00:00,1.0
1188030074907512837,2019-10-26 09:50:17+00:00,3.0
1201467257416749056,2019-12-02 11:44:51+00:00,0.0
1169558858055979008,2019-09-05 10:32:15+00:00,0.0
1290305228152156160,2020-08-03 15:15:13+00:00,0.0
1304163368899694597,2020-09-10 21:02:31+00:00,0.0
1317007417302024193,2020-10-16 07:40:11+00:00,3.0
1216916582007549952,2020-01-14 02:54:57+00:00,0.0
1256865593522900992,2020-05-03 08:38:03+00:00,0.0
1305115571567104000,2020-09-13 12:06:14+00:00,0.0
1237328630113501185,2020-03-10 10:45:08+00:00,2.0
1224275011235610624,2020-02-03 10:14:43+00:00,0.0
1236183921781551105,2020-03-07 06:56:28+00:00,1.0
1278993251148673027,2020-07-03 10:05:28+00:00,3.0
1209189625727725575,2019-12-23 19:10:47+00:00,1.0
1300652850268250117,2020-09-01 04:32:59+00:00,2.0
1284441802423009281,2020-07-18 10:56:04+00:00,0.0
1254866172366819328,2020-04-27 20:13:04+00:00,0.0
1297807307368210432,2020-08-24 08:05:48+00:00,0.0
1320447481835081728,2020-10-25 19:29:47+00:00,2.0
1207320810970636289,2019-12-18 15:24:46+00:00,0.0
1188487043518742529,2019-10-27 16:06:06+00:00,1.0
1315861371926581250,2020-10-13 03:46:13+00:00,0.0
1241864924483198978,2020-03-22 23:10:45+00:00,0.0
1244872723584684032,2020-03-31 06:22:40+00:00,0.0
1309762450498162690,2020-09-26 07:51:17+00:00,2.0
1256315277689552897,2020-05-01 20:11:18+00:00,0.0
1272756117332824066,2020-06-16 05:01:19+00:00,0.0
1301438359840206848,2020-09-03 08:34:19+00:00,0.0
1242478351044009984,2020-03-24 15:48:17+00:00,0.0
1245709999264788480,2020-04-02 13:49:42+00:00,0.0
1245710152575201281,2020-04-02 13:50:19+00:00,0.0
1241423276292726784,2020-03-21 17:55:48+00:00,0.0
1194895129578000384,2019-11-14 08:29:33+00:00,2.0
1327302613692342272,2020-11-13 17:29:37+00:00,3.0
1243935793586081793,2020-03-28 16:19:39+00:00,0.0
1234435094221291520,2020-03-02 11:07:15+00:00,3.0
1311011695695929346,2020-09-29 18:35:20+00:00,2.0
1204535797468282880,2019-12-10 22:58:07+00:00,0.0
1220147499169722368,2020-01-23 00:53:27+00:00,0.0
1227895744234913792,2020-02-13 10:02:13+00:00,1.0
1258350438673457152,2020-05-07 10:58:18+00:00,3.0
1264288275130392584,2020-05-23 20:13:08+00:00,1.0
1292448937920659456,2020-08-09 13:13:33+00:00,0.0
1303640028074172416,2020-09-09 10:22:57+00:00,0.0
1300652850268250117,2020-09-01 04:32:59+00:00,2.0
1310963635619946496,2020-09-29 15:24:21+00:00,2.0
1250465221166202882,2020-04-15 16:45:15+00:00,3.0
1234569172107104259,2020-03-02 20:00:02+00:00,0.0
1234499379454730246,2020-03-02 15:22:42+00:00,0.0
1311679612251000835,2020-10-01 14:49:24+00:00,1.0
1254701673068494849,2020-04-27 09:19:24+00:00,0.0
1250032009315049476,2020-04-14 12:03:50+00:00,3.0
1244932068381011970,2020-03-31 10:18:29+00:00,3.0
1322872935363842050,2020-11-01 12:07:40+00:00,1.0
1311666917099204611,2020-10-01 13:58:57+00:00,0.0
1308368078900781056,2020-09-22 11:30:32+00:00,0.0
1292402356714446854,2020-08-09 10:08:28+00:00,0.0
1322483682083483648,2020-10-31 10:20:55+00:00,3.0
1256179054220390400,2020-05-01 11:09:59+00:00,0.0
1185443593336623105,2019-10-19 06:32:31+00:00,3.0
1305115571567104000,2020-09-13 12:06:14+00:00,0.0
1202878553555124224,2019-12-06 09:12:50+00:00,1.0
1309197899738251264,2020-09-24 18:27:57+00:00,0.0
1263744154045202432,2020-05-22 08:11:00+00:00,0.0
1266065838249062400,2020-05-28 17:56:32+00:00,2.0
1303603029900431362,2020-09-09 07:55:56+00:00,1.0
1323559621886435329,2020-11-03 09:36:19+00:00,3.0
1233823814108229632,2020-02-29 18:38:15+00:00,0.0
1240536111899959297,2020-03-19 07:10:31+00:00,1.0
1307953481563746304,2020-09-21 08:03:05+00:00,0.0
1305604129016950795,2020-09-14 20:27:35+00:00,1.0
1303787635710799872,2020-09-09 20:09:30+00:00,1.0
1309182728265494534,2020-09-24 17:27:40+00:00,3.0
1312027397466853376,2020-10-02 13:51:22+00:00,0.0
1323018128670994434,2020-11-01 21:44:37+00:00,1.0
1237744940635078657,2020-03-11 14:19:24+00:00,3.0
1322148759602663424,2020-10-30 12:10:03+00:00,3.0
1292495731580964866,2020-08-09 16:19:30+00:00,2.0
1251560147434065920,2020-04-18 17:16:06+00:00,0.0
1233766085373186050,2020-02-29 14:48:51+00:00,0.0
1321448472617328641,2020-10-28 13:47:21+00:00,0.0
1226983827681226753,2020-02-10 21:38:35+00:00,0.0
1194989407645962240,2019-11-14 14:44:11+00:00,3.0
1243938444201648129,2020-03-28 16:30:11+00:00,0.0
1202325735236624385,2019-12-04 20:36:08+00:00,1.0
1196860008513835010,2019-11-19 18:37:17+00:00,3.0
1180357450173747200,2019-10-05 05:42:00+00:00,1.0
1250872570137714701,2020-04-16 19:43:55+00:00,2.0
1261905033576296449,2020-05-17 06:22:59+00:00,0.0
1263469710550675458,2020-05-21 14:00:27+00:00,0.0
1311366613271224320,2020-09-30 18:05:39+00:00,2.0
1299284765514838017,2020-08-28 09:56:42+00:00,0.0
1244762399367979008,2020-03-30 23:04:17+00:00,1.0
1313041237214076928,2020-10-05 09:00:00+00:00,3.0
1237290521627963392,2020-03-10 08:13:42+00:00,2.0
1300035628017606657,2020-08-30 11:40:21+00:00,0.0
1306343943060193280,2020-09-16 21:27:21+00:00,0.0
1238387349303812096,2020-03-13 08:52:06+00:00,0.0
1204535797468282880,2019-12-10 22:58:07+00:00,0.0
1233823814108229632,2020-02-29 18:38:15+00:00,0.0
1214627234415366145,2020-01-07 19:17:54+00:00,0.0
1247861060918562828,2020-04-08 12:17:15+00:00,1.0
1238248433301028872,2020-03-12 23:40:06+00:00,3.0
1267425673825550336,2020-06-01 12:00:02+00:00,0.0
1235907893792329728,2020-03-06 12:39:38+00:00,0.0
1268211767542460422,2020-06-03 16:03:42+00:00,0.0
1249006365223407616,2020-04-11 16:08:17+00:00,0.0
1195306713907224577,2019-11-15 11:45:02+00:00,3.0
1171448993190039552,2019-09-10 15:42:59+00:00,3.0
1258024273375100928,2020-05-06 13:22:14+00:00,0.0
1311560267738697729,2020-10-01 06:55:10+00:00,3.0
1243434503118426112,2020-03-27 07:07:42+00:00,1.0
1217598544821071873,2020-01-16 00:04:49+00:00,3.0
1203570836852166661,2019-12-08 07:03:43+00:00,1.0
1234927432236503040,2020-03-03 19:43:38+00:00,0.0
1221410336252792832,2020-01-26 12:31:31+00:00,3.0
1327100123780792320,2020-11-13 04:05:00+00:00,3.0
1247275584226578438,2020-04-06 21:30:47+00:00,3.0
1322867535491059717,2020-11-01 11:46:12+00:00,1.0
1252300449908219921,2020-04-20 18:17:48+00:00,2.0
1241692809578643457,2020-03-22 11:46:49+00:00,2.0
1310136543361658884,2020-09-27 08:37:47+00:00,2.0
1321466765134696448,2020-10-28 15:00:03+00:00,0.0
1307771354683498497,2020-09-20 19:59:22+00:00,3.0
1311332136675430405,2020-09-30 15:48:39+00:00,0.0
1219325767886176256,2020-01-20 18:28:11+00:00,0.0
1233823814108229632,2020-02-29 18:38:15+00:00,0.0
1261180292284506112,2020-05-15 06:23:07+00:00,3.0
1314935805966782465,2020-10-10 14:28:21+00:00,3.0
1234877972542259201,2020-03-03 16:27:06+00:00,2.0
1171042973582266375,2019-09-09 12:49:36+00:00,0.0
1190340886414188548,2019-11-01 18:52:37+00:00,2.0
1229742114554220544,2020-02-18 12:19:02+00:00,0.0
1305855125144121345,2020-09-15 13:04:58+00:00,0.0
1256511167251599360,2020-05-02 09:09:41+00:00,0.0
1277953346914009088,2020-06-30 13:13:15+00:00,2.0
1256126885035233281,2020-05-01 07:42:41+00:00,1.0
1322867535491059717,2020-11-01 11:46:12+00:00,1.0
1233766085373186050,2020-02-29 14:48:51+00:00,0.0
1298584550042300416,2020-08-26 11:34:17+00:00,0.0
1327215284458057730,2020-11-13 11:42:36+00:00,2.0
1267425673825550336,2020-06-01 12:00:02+00:00,0.0
1232472428871217152,2020-02-26 01:08:19+00:00,0.0
1304750148958838785,2020-09-12 11:54:11+00:00,0.0
1214894356697628674,2020-01-08 12:59:20+00:00,2.0
1310885849182031872,2020-09-29 10:15:16+00:00,0.0
1250112957956198401,2020-04-14 17:25:29+00:00,0.0
1301866365326946304,2020-09-04 12:55:03+00:00,0.0
1323018128670994434,2020-11-01 21:44:37+00:00,1.0
1292883038536437760,2020-08-10 17:58:31+00:00,0.0
1304774575838892033,2020-09-12 13:31:15+00:00,0.0
1322084603889389568,2020-10-30 07:55:07+00:00,1.0
1251939321789190144,2020-04-19 18:22:48+00:00,2.0
1258242882537996289,2020-05-07 03:50:54+00:00,1.0
1248943153480192000,2020-04-11 11:57:06+00:00,0.0
1287071492891607040,2020-07-25 17:05:31+00:00,0.0
1267033903371616256,2020-05-31 10:03:17+00:00,1.0
1255854085280083982,2020-04-30 13:38:41+00:00,0.0
1254390848336343042,2020-04-26 12:44:18+00:00,2.0
1292875942424129538,2020-08-10 17:30:19+00:00,0.0
1305957234153852929,2020-09-15 19:50:42+00:00,1.0
1308086207478460421,2020-09-21 16:50:29+00:00,0.0
1258158305735819267,2020-05-06 22:14:50+00:00,3.0
1249645204656852993,2020-04-13 10:26:48+00:00,0.0
1305957234153852929,2020-09-15 19:50:42+00:00,1.0
1259138571077910531,2020-05-09 15:10:03+00:00,1.0
1190788068866838528,2019-11-03 00:29:34+00:00,0.0
1254719816952414209,2020-04-27 10:31:30+00:00,2.0
1194600049302478848,2019-11-13 12:57:01+00:00,0.0
1303562001491406849,2020-09-09 05:12:54+00:00,0.0
1247402233182007296,2020-04-07 05:54:02+00:00,2.0
1245627979255799808,2020-04-02 08:23:47+00:00,3.0
1303723308093931525,2020-09-09 15:53:53+00:00,0.0
1303810119935852545,2020-09-09 21:38:50+00:00,0.0
1168300347854610432,2019-09-01 23:11:23+00:00,0.0
1244278574103900160,2020-03-29 15:01:44+00:00,0.0
1310695764214112262,2020-09-28 21:39:56+00:00,2.0
1310235862672834562,2020-09-27 15:12:27+00:00,1.0
1315733927051644930,2020-10-12 19:19:48+00:00,1.0
1303209087811940353,2020-09-08 05:50:33+00:00,0.0
1219662691272462336,2020-01-21 16:47:00+00:00,0.0
1325427290692530176,2020-11-08 13:17:46+00:00,2.0
1303410957608194048,2020-09-08 19:12:43+00:00,1.0
1214145804983840769,2020-01-06 11:24:52+00:00,0.0
1242478351044009984,2020-03-24 15:48:17+00:00,0.0
1205762743267184641,2019-12-14 08:13:34+00:00,2.0
1247824898048876546,2020-04-08 09:53:33+00:00,1.0
1247269244196261889,2020-04-06 21:05:35+00:00,1.0
1216292465570918401,2020-01-12 09:34:56+00:00,0.0
1260238222661169152,2020-05-12 15:59:41+00:00,0.0
1236152894136688647,2020-03-07 04:53:11+00:00,0.0
1264288275130392584,2020-05-23 20:13:08+00:00,1.0
1322198804062457856,2020-10-30 15:28:54+00:00,2.0
1304243402607939585,2020-09-11 02:20:33+00:00,2.0
1174079917597843457,2019-09-17 21:57:20+00:00,3.0
1201654418330050560,2019-12-03 00:08:33+00:00,0.0
1313259905118343171,2020-10-05 23:28:55+00:00,0.0
1302938318708105216,2020-09-07 11:54:37+00:00,0.0
1321502082793439232,2020-10-28 17:20:23+00:00,0.0
1226419463265890304,2020-02-09 08:16:00+00:00,0.0
1322302180800503813,2020-10-30 22:19:41+00:00,3.0
1240383281931210754,2020-03-18 21:03:14+00:00,0.0
1170662475055927297,2019-09-08 11:37:38+00:00,1.0
1322079126866563072,2020-10-30 07:33:21+00:00,1.0
1302261033772384257,2020-09-05 15:03:19+00:00,0.0
1251758161087913985,2020-04-19 06:22:56+00:00,1.0
1254390181047787521,2020-04-26 12:41:39+00:00,3.0
1237109738963218433,2020-03-09 20:15:20+00:00,1.0
1309762450498162690,2020-09-26 07:51:17+00:00,2.0
1177057073550516224,2019-09-26 03:07:29+00:00,2.0
1258754212680339456,2020-05-08 13:42:45+00:00,3.0
1307255202790223876,2020-09-19 09:48:22+00:00,3.0
1307262984574689280,2020-09-19 10:19:17+00:00,3.0
1304094368865964034,2020-09-10 16:28:21+00:00,0.0
1181595713114923010,2019-10-08 15:42:25+00:00,1.0
1255924225698861057,2020-04-30 18:17:24+00:00,0.0
1323234749205434371,2020-11-02 12:05:23+00:00,0.0
1235151214108692480,2020-03-04 10:32:52+00:00,3.0
1197424909795954688,2019-11-21 08:02:00+00:00,0.0
1267718539827240962,2020-06-02 07:23:47+00:00,0.0
1311769870258843649,2020-10-01 20:48:03+00:00,0.0
1185302373415211010,2019-10-18 21:11:22+00:00,1.0
1202878553555124224,2019-12-06 09:12:50+00:00,1.0
1252857170351157248,2020-04-22 07:10:01+00:00,3.0
1274027269099368448,2020-06-19 17:12:25+00:00,0.0
1231993795006386177,2020-02-24 17:26:24+00:00,1.0
1280499476428476417,2020-07-07 13:50:40+00:00,2.0
1245302507854839812,2020-04-01 10:50:29+00:00,3.0
1263095902727700481,2020-05-20 13:15:05+00:00,0.0
1305199610240135169,2020-09-13 17:40:11+00:00,0.0
1304750400218767360,2020-09-12 11:55:11+00:00,0.0
1240266783677956098,2020-03-18 13:20:18+00:00,0.0
1197158116971950080,2019-11-20 14:21:51+00:00,0.0
1201086053291118598,2019-12-01 10:30:04+00:00,0.0
1207016207137853440,2019-12-17 19:14:23+00:00,1.0
1311347989043179521,2020-09-30 16:51:38+00:00,0.0
1195306713907224577,2019-11-15 11:45:02+00:00,3.0
1235633698126450688,2020-03-05 18:30:05+00:00,3.0
1260834192591634432,2020-05-14 07:27:51+00:00,1.0
1311343830021570560,2020-09-30 16:35:07+00:00,3.0
1241423276292726784,2020-03-21 17:55:48+00:00,0.0
1245001093735747586,2020-03-31 14:52:46+00:00,0.0
1228593960551100418,2020-02-15 08:16:41+00:00,1.0
1224718008968523776,2020-02-04 15:35:02+00:00,0.0
1327057696168689664,2020-11-13 01:16:24+00:00,2.0
1306557291974533120,2020-09-17 11:35:07+00:00,2.0
1308385362541150209,2020-09-22 12:39:13+00:00,3.0
1311343830021570560,2020-09-30 16:35:07+00:00,3.0
1310673583253852160,2020-09-28 20:11:48+00:00,2.0
1192259096688414731,2019-11-07 01:54:54+00:00,0.0
1251560147434065920,2020-04-18 17:16:06+00:00,0.0
1327337798718910464,2020-11-13 19:49:26+00:00,0.0
1243938444201648129,2020-03-28 16:30:11+00:00,0.0
1231993795006386177,2020-02-24 17:26:24+00:00,1.0
1273944769706762240,2020-06-19 11:44:36+00:00,0.0
1258669048482672640,2020-05-08 08:04:20+00:00,1.0
1266415257104203780,2020-05-29 17:05:00+00:00,0.0
1240266783677956098,2020-03-18 13:20:18+00:00,0.0
1327204786157051904,2020-11-13 11:00:53+00:00,2.0
1320903697577189376,2020-10-27 01:42:37+00:00,2.0
1266718825191321600,2020-05-30 13:11:17+00:00,0.0
1195306713907224577,2019-11-15 11:45:02+00:00,3.0
1193113437506822144,2019-11-09 10:29:45+00:00,1.0
1321003432002674689,2020-10-27 08:18:55+00:00,0.0
1195306713907224577,2019-11-15 11:45:02+00:00,3.0
1305796279860170753,2020-09-15 09:11:08+00:00,1.0
1311332136675430405,2020-09-30 15:48:39+00:00,0.0
1304013969716391936,2020-09-10 11:08:52+00:00,1.0
1221410336252792832,2020-01-26 12:31:31+00:00,3.0
1318942238366420993,2020-10-21 15:48:29+00:00,1.0
1327100123780792320,2020-11-13 04:05:00+00:00,3.0
1266718825191321600,2020-05-30 13:11:17+00:00,0.0
1307366445320466433,2020-09-19 17:10:24+00:00,0.0
1247580111358001152,2020-04-07 17:40:52+00:00,0.0
1246887585802342401,2020-04-05 19:49:01+00:00,3.0
1295669989580722176,2020-08-18 10:32:52+00:00,3.0
1244277440224071682,2020-03-29 14:57:13+00:00,0.0
1311024300036689921,2020-09-29 19:25:25+00:00,2.0
1249605901683752960,2020-04-13 07:50:38+00:00,0.0
1327275042569293826,2020-11-13 15:40:04+00:00,3.0
1313746681750380544,2020-10-07 07:43:11+00:00,0.0
1260674622485340160,2020-05-13 20:53:46+00:00,3.0
1310648310517161985,2020-09-28 18:31:22+00:00,3.0
1245664784307150848,2020-04-02 10:50:02+00:00,0.0
1305133599071629313,2020-09-13 13:17:52+00:00,0.0
1249607591652741122,2020-04-13 07:57:21+00:00,2.0
1305902676203446275,2020-09-15 16:13:55+00:00,2.0
1249607591652741122,2020-04-13 07:57:21+00:00,2.0
1304400786533818369,2020-09-11 12:45:56+00:00,0.0
1250445631069589509,2020-04-15 15:27:25+00:00,0.0
1292495731580964866,2020-08-09 16:19:30+00:00,2.0
1178409905994293248,2019-09-29 20:43:10+00:00,1.0
1311741005989806081,2020-10-01 18:53:21+00:00,0.0
1239111498565398528,2020-03-15 08:49:37+00:00,0.0
1293884580232126464,2020-08-13 12:18:17+00:00,1.0
1175866240600104961,2019-09-22 20:15:32+00:00,3.0
1225216496068104192,2020-02-06 00:35:50+00:00,0.0
1225216496068104192,2020-02-06 00:35:50+00:00,0.0
1250032009315049476,2020-04-14 12:03:50+00:00,3.0
1267755279577427968,2020-06-02 09:49:47+00:00,2.0
1305115571567104000,2020-09-13 12:06:14+00:00,0.0
1321529834678484993,2020-10-28 19:10:40+00:00,3.0
1244294924381622276,2020-03-29 16:06:42+00:00,1.0
1244323225284358149,2020-03-29 17:59:09+00:00,1.0
1321529834678484993,2020-10-28 19:10:40+00:00,3.0
1234232202826743810,2020-03-01 21:41:02+00:00,0.0
1254707922753503232,2020-04-27 09:44:14+00:00,0.0
1304102027644022784,2020-09-10 16:58:47+00:00,1.0
1317714064722874369,2020-10-18 06:28:09+00:00,2.0
1266415257104203780,2020-05-29 17:05:00+00:00,0.0
1206157941176487936,2019-12-15 10:23:57+00:00,3.0
1318185070096715776,2020-10-19 13:39:46+00:00,3.0
1195428275729977344,2019-11-15 19:48:05+00:00,3.0
1246531343477092353,2020-04-04 20:13:26+00:00,1.0
1243474089374875650,2020-03-27 09:45:00+00:00,2.0
1178600081706094593,2019-09-30 09:18:51+00:00,3.0
1233766085373186050,2020-02-29 14:48:51+00:00,0.0
1302681416405323777,2020-09-06 18:53:46+00:00,2.0
1245001093735747586,2020-03-31 14:52:46+00:00,0.0
1312085099056431104,2020-10-02 17:40:39+00:00,0.0
1241423276292726784,2020-03-21 17:55:48+00:00,0.0
1305139836026843137,2020-09-13 13:42:39+00:00,3.0
1245093199682646020,2020-03-31 20:58:46+00:00,0.0
1255703352098402305,2020-04-30 03:39:43+00:00,1.0
1259048948305715203,2020-05-09 09:13:55+00:00,3.0
1251102392260714503,2020-04-17 10:57:09+00:00,1.0
1311074145514348544,2020-09-29 22:43:29+00:00,1.0
1197026900167794688,2019-11-20 05:40:27+00:00,0.0
1295276962383110144,2020-08-17 08:31:07+00:00,3.0
1311050340897185792,2020-09-29 21:08:54+00:00,3.0
1169244327345840128,2019-09-04 13:42:25+00:00,0.0
1305700702828851201,2020-09-15 02:51:20+00:00,3.0
1286710817531011073,2020-07-24 17:12:19+00:00,0.0
1306347003744595973,2020-09-16 21:39:31+00:00,2.0
1304012128005677056,2020-09-10 11:01:33+00:00,0.0
1321023797533806593,2020-10-27 09:39:51+00:00,0.0
1304279434506252289,2020-09-11 04:43:44+00:00,0.0
1213926039782666241,2020-01-05 20:51:36+00:00,3.0
1183578795007234048,2019-10-14 03:02:29+00:00,1.0
1236556363192512512,2020-03-08 07:36:25+00:00,3.0
1306341527854231552,2020-09-16 21:17:45+00:00,0.0
1304420789748404224,2020-09-11 14:05:25+00:00,0.0
1322555220086444041,2020-10-31 15:05:11+00:00,0.0
1192012133275488257,2019-11-06 09:33:33+00:00,0.0
1244278574103900160,2020-03-29 15:01:44+00:00,0.0
1204535797468282880,2019-12-10 22:58:07+00:00,0.0
1284187685658271745,2020-07-17 18:06:17+00:00,0.0
1240331347480231937,2020-03-18 17:36:52+00:00,0.0
1192012133275488257,2019-11-06 09:33:33+00:00,0.0
1266118388650332171,2020-05-28 21:25:21+00:00,0.0
1272659013637996544,2020-06-15 22:35:28+00:00,0.0
1237328630113501185,2020-03-10 10:45:08+00:00,2.0
1307366445320466433,2020-09-19 17:10:24+00:00,0.0
1318949221303767043,2020-10-21 16:16:13+00:00,1.0
1168455863104942080,2019-09-02 09:29:21+00:00,0.0
1303008786601435136,2020-09-07 16:34:38+00:00,3.0
1168798927077945344,2019-09-03 08:12:34+00:00,1.0
1307262984574689280,2020-09-19 10:19:17+00:00,3.0
1259138571077910531,2020-05-09 15:10:03+00:00,1.0
1299293193746423809,2020-08-28 10:30:11+00:00,0.0
1218844356175466496,2020-01-19 10:35:14+00:00,0.0
1249607591652741122,2020-04-13 07:57:21+00:00,2.0
1318667055151931392,2020-10-20 21:35:00+00:00,1.0
1325336132926787584,2020-11-08 07:15:32+00:00,2.0
1305539293297938432,2020-09-14 16:09:57+00:00,1.0
1261622787787100160,2020-05-16 11:41:27+00:00,0.0
1228593960551100418,2020-02-15 08:16:41+00:00,1.0
1208511753426022400,2019-12-21 22:17:09+00:00,1.0
1189563404714950657,2019-10-30 15:23:11+00:00,0.0
1183335484040400898,2019-10-13 10:55:39+00:00,0.0
1327236169592139776,2020-11-13 13:05:36+00:00,0.0
1306343943060193280,2020-09-16 21:27:21+00:00,0.0
1169582479143034880,2019-09-05 12:06:07+00:00,3.0
1305503112761933826,2020-09-14 13:46:11+00:00,0.0
1327275042569293826,2020-11-13 15:40:04+00:00,3.0
1247732027761266688,2020-04-08 03:44:31+00:00,0.0
1249425312296906752,2020-04-12 19:53:02+00:00,1.0
1227385191683022849,2020-02-12 00:13:28+00:00,1.0
1290664893591453698,2020-08-04 15:04:24+00:00,0.0
1226072428704653312,2020-02-08 09:17:00+00:00,0.0
1251563135393247234,2020-04-18 17:27:59+00:00,0.0
1237744940635078657,2020-03-11 14:19:24+00:00,3.0
1303555783154700288,2020-09-09 04:48:12+00:00,1.0
1252505079338409986,2020-04-21 07:50:55+00:00,2.0
1322056693048594432,2020-10-30 06:04:12+00:00,0.0
1235454872285216768,2020-03-05 06:39:29+00:00,0.0
1236616165151125510,2020-03-08 11:34:03+00:00,0.0
1245664784307150848,2020-04-02 10:50:02+00:00,0.0
1235957823760150528,2020-03-06 15:58:02+00:00,0.0
1310127226554388481,2020-09-27 08:00:46+00:00,0.0
1305509585864851456,2020-09-14 14:11:55+00:00,0.0
1247768656617992199,2020-04-08 06:10:04+00:00,2.0
1234481065231896576,2020-03-02 14:09:56+00:00,0.0
1312085099056431104,2020-10-02 17:40:39+00:00,0.0
1213926039782666241,2020-01-05 20:51:36+00:00,3.0
1182041888716726272,2019-10-09 21:15:22+00:00,0.0
1234771548613095425,2020-03-03 09:24:12+00:00,0.0
1235196778351296515,2020-03-04 13:33:55+00:00,2.0
1303561317110947846,2020-09-09 05:10:11+00:00,2.0
1238423283143499779,2020-03-13 11:14:54+00:00,2.0
1327145504338272258,2020-11-13 07:05:20+00:00,1.0
1171448993190039552,2019-09-10 15:42:59+00:00,3.0
1306560408346660865,2020-09-17 11:47:30+00:00,1.0
1250465221166202882,2020-04-15 16:45:15+00:00,3.0
1292024566336884736,2020-08-08 09:07:15+00:00,0.0
1290664893591453698,2020-08-04 15:04:24+00:00,0.0
1295136741360369664,2020-08-16 23:13:56+00:00,0.0
1224718008968523776,2020-02-04 15:35:02+00:00,0.0
1177425112108171264,2019-09-27 03:29:56+00:00,0.0
1311610595976806400,2020-10-01 10:15:09+00:00,0.0
1219373096529989633,2020-01-20 21:36:15+00:00,3.0
1327273505725902848,2020-11-13 15:33:57+00:00,0.0
1223018557052792832,2020-01-30 23:02:01+00:00,3.0
1242727188245381122,2020-03-25 08:17:05+00:00,0.0
1168798927077945344,2019-09-03 08:12:34+00:00,1.0
1316541731035394048,2020-10-15 00:49:43+00:00,0.0
1307234611571941379,2020-09-19 08:26:33+00:00,3.0
1258669048482672640,2020-05-08 08:04:20+00:00,1.0
1306341527854231552,2020-09-16 21:17:45+00:00,0.0
1233766085373186050,2020-02-29 14:48:51+00:00,0.0
1168455863104942080,2019-09-02 09:29:21+00:00,0.0
1318949221303767043,2020-10-21 16:16:13+00:00,1.0
1237328630113501185,2020-03-10 10:45:08+00:00,2.0
1304102027644022784,2020-09-10 16:58:47+00:00,1.0
1256858246603816966,2020-05-03 08:08:51+00:00,3.0
1260257991468687361,2020-05-12 17:18:14+00:00,0.0
1238385959131021313,2020-03-13 08:46:35+00:00,3.0
1235201725960802305,2020-03-04 13:53:35+00:00,0.0
1202245354776862720,2019-12-04 15:16:43+00:00,1.0
1325427290692530176,2020-11-08 13:17:46+00:00,2.0
1242503156656996354,2020-03-24 17:26:51+00:00,0.0
1290730645631766530,2020-08-04 19:25:41+00:00,0.0
1308175018225000448,2020-09-21 22:43:23+00:00,0.0
1290305228152156160,2020-08-03 15:15:13+00:00,0.0
1303008786601435136,2020-09-07 16:34:38+00:00,3.0
1303989220793556993,2020-09-10 09:30:31+00:00,0.0
1327250904886747136,2020-11-13 14:04:09+00:00,0.0
1189859631562153985,2019-10-31 11:00:17+00:00,0.0
1267033903371616256,2020-05-31 10:03:17+00:00,1.0
1307655474901377024,2020-09-20 12:18:54+00:00,0.0
1307639198564921344,2020-09-20 11:14:14+00:00,1.0
1180737380040531969,2019-10-06 06:51:43+00:00,3.0
1256179054220390400,2020-05-01 11:09:59+00:00,0.0
1213139342975291396,2020-01-03 16:45:33+00:00,1.0
1274076420579434503,2020-06-19 20:27:44+00:00,0.0
1309352291569471488,2020-09-25 04:41:27+00:00,0.0
1297504537553580032,2020-08-23 12:02:42+00:00,3.0
1204363135639011333,2019-12-10 11:32:02+00:00,0.0
1211667062994550784,2019-12-30 15:15:14+00:00,3.0
1293884580232126464,2020-08-13 12:18:17+00:00,1.0
1318082685202534401,2020-10-19 06:52:55+00:00,2.0
1194308584076697601,2019-11-12 17:38:50+00:00,1.0
1261599670146605056,2020-05-16 10:09:35+00:00,0.0
1220247066682765313,2020-01-23 07:29:06+00:00,3.0
1254865893089132544,2020-04-27 20:11:57+00:00,0.0
1317821888958115842,2020-10-18 13:36:36+00:00,1.0
1244289021221756933,2020-03-29 15:43:15+00:00,0.0
1292396897366429696,2020-08-09 09:46:46+00:00,0.0
1327360873426542593,2020-11-13 21:21:08+00:00,1.0
1317424155713806337,2020-10-17 11:16:09+00:00,2.0
1318082685202534401,2020-10-19 06:52:55+00:00,2.0
1311741005989806081,2020-10-01 18:53:21+00:00,0.0
1244577632089489408,2020-03-30 10:50:05+00:00,1.0
1224718008968523776,2020-02-04 15:35:02+00:00,0.0
1201992771319582721,2019-12-03 22:33:03+00:00,0.0
1313977878007013376,2020-10-07 23:01:53+00:00,0.0
1253453083658588160,2020-04-23 22:37:57+00:00,0.0
1198331687714934785,2019-11-23 20:05:12+00:00,3.0
1322302180800503813,2020-10-30 22:19:41+00:00,3.0
1233381540907945985,2020-02-28 13:20:49+00:00,1.0
1235110022645866502,2020-03-04 07:49:11+00:00,3.0
1327226930744188931,2020-11-13 12:28:53+00:00,0.0
1322872935363842050,2020-11-01 12:07:40+00:00,1.0
1266087207162404864,2020-05-28 19:21:27+00:00,1.0
1298062597468508161,2020-08-25 01:00:14+00:00,3.0
1260169925362098176,2020-05-12 11:28:17+00:00,0.0
1264440912626753541,2020-05-24 06:19:40+00:00,1.0
1308770754524336130,2020-09-23 14:10:38+00:00,2.0
1250066564025548801,2020-04-14 14:21:08+00:00,0.0
1310954936407130113,2020-09-29 14:49:47+00:00,2.0
1304788967867457537,2020-09-12 14:28:26+00:00,0.0
1303699276539846658,2020-09-09 14:18:23+00:00,0.0
1311415805503066113,2020-09-30 21:21:07+00:00,0.0
1308688276186955776,2020-09-23 08:42:53+00:00,0.0
1225933519752486913,2020-02-08 00:05:02+00:00,2.0
1169189735157456897,2019-09-04 10:05:30+00:00,0.0
1244289021221756933,2020-03-29 15:43:15+00:00,0.0
1236982335901437952,2020-03-09 11:49:05+00:00,0.0
1197907914842882048,2019-11-22 16:01:17+00:00,3.0
1295792344860590082,2020-08-18 18:39:04+00:00,3.0
1311343830021570560,2020-09-30 16:35:07+00:00,3.0
1254866172366819328,2020-04-27 20:13:04+00:00,0.0
1251583401909522432,2020-04-18 18:48:30+00:00,0.0
1187813309535457287,2019-10-25 19:28:56+00:00,0.0
1272532008917512194,2020-06-15 14:10:48+00:00,0.0
1311666917099204611,2020-10-01 13:58:57+00:00,0.0
1237821796482768897,2020-03-11 19:24:48+00:00,0.0
1253453083658588160,2020-04-23 22:37:57+00:00,0.0
1240266783677956098,2020-03-18 13:20:18+00:00,0.0
1305942091390947328,2020-09-15 18:50:32+00:00,1.0
1185273735449923584,2019-10-18 19:17:34+00:00,0.0
1322030916240244736,2020-10-30 04:21:47+00:00,0.0
1310142229017776129,2020-09-27 09:00:23+00:00,3.0
1242495642401996802,2020-03-24 16:57:00+00:00,0.0
1305099145288593411,2020-09-13 11:00:58+00:00,0.0
1234927432236503040,2020-03-03 19:43:38+00:00,0.0
1310606763977248776,2020-09-28 15:46:17+00:00,0.0
1250768210024153088,2020-04-16 12:49:14+00:00,0.0
1303649583294283776,2020-09-09 11:00:55+00:00,1.0
1181608864501948417,2019-10-08 16:34:41+00:00,0.0
1301157190523408384,2020-09-02 13:57:03+00:00,0.0
1235613818077638656,2020-03-05 17:11:05+00:00,3.0
1317404339544129536,2020-10-17 09:57:25+00:00,1.0
1327226930744188931,2020-11-13 12:28:53+00:00,0.0
1237328630113501185,2020-03-10 10:45:08+00:00,2.0
1322198804062457856,2020-10-30 15:28:54+00:00,2.0
1247269244196261889,2020-04-06 21:05:35+00:00,1.0
1305570088788033537,2020-09-14 18:12:20+00:00,0.0
1308419039438540803,2020-09-22 14:53:02+00:00,0.0
1208878789629009922,2019-12-22 22:35:37+00:00,3.0
1306927416879788033,2020-09-18 12:05:52+00:00,0.0
1303787635710799872,2020-09-09 20:09:30+00:00,1.0
1236334033338077184,2020-03-07 16:52:58+00:00,1.0
1304570152718159873,2020-09-11 23:58:56+00:00,2.0
1234814686283157506,2020-03-03 12:15:37+00:00,0.0
1178409905994293248,2019-09-29 20:43:10+00:00,1.0
1297807307368210432,2020-08-24 08:05:48+00:00,0.0
1247613191435280385,2020-04-07 19:52:19+00:00,0.0
1190788068866838528,2019-11-03 00:29:34+00:00,0.0
1261402222870450176,2020-05-15 21:05:00+00:00,3.0
1252269346526765059,2020-04-20 16:14:12+00:00,0.0
1310885849182031872,2020-09-29 10:15:16+00:00,0.0
1249433295349264384,2020-04-12 20:24:45+00:00,0.0
1327337798718910464,2020-11-13 19:49:26+00:00,0.0
1312085099056431104,2020-10-02 17:40:39+00:00,0.0
1317714064722874369,2020-10-18 06:28:09+00:00,2.0
1235680413034491904,2020-03-05 21:35:42+00:00,2.0
1286862326789025794,2020-07-25 03:14:22+00:00,0.0
1312526451623653378,2020-10-03 22:54:26+00:00,1.0
1305066422482153472,2020-09-13 08:50:56+00:00,3.0
1241718405075480577,2020-03-22 13:28:32+00:00,3.0
1318553579301621760,2020-10-20 14:04:05+00:00,0.0
1176376286509506560,2019-09-24 06:02:17+00:00,0.0
1306860039580205057,2020-09-18 07:38:08+00:00,3.0
1258373692171653120,2020-05-07 12:30:42+00:00,0.0
1306834613306884097,2020-09-18 05:57:06+00:00,3.0
1257805841140527108,2020-05-05 22:54:16+00:00,0.0
1303555783154700288,2020-09-09 04:48:12+00:00,1.0
1306560408346660865,2020-09-17 11:47:30+00:00,1.0
1197026900167794688,2019-11-20 05:40:27+00:00,0.0
1170986433760419840,2019-09-09 09:04:56+00:00,1.0
1262774963095973889,2020-05-19 15:59:47+00:00,1.0
1305057643027984384,2020-09-13 08:16:03+00:00,3.0
1244577632089489408,2020-03-30 10:50:05+00:00,1.0
1234496340480139267,2020-03-02 15:10:38+00:00,2.0
1325336132926787584,2020-11-08 07:15:32+00:00,2.0
1316039032728674306,2020-10-13 15:32:10+00:00,1.0
1301855484232765441,2020-09-04 12:11:49+00:00,0.0
1322872935363842050,2020-11-01 12:07:40+00:00,1.0
1325336132926787584,2020-11-08 07:15:32+00:00,2.0
1322525321514594306,2020-10-31 13:06:22+00:00,1.0
1243918631504936961,2020-03-28 15:11:27+00:00,1.0
1310783381886521344,2020-09-29 03:28:06+00:00,0.0
1309182728265494534,2020-09-24 17:27:40+00:00,3.0
1303622100343836672,2020-09-09 09:11:43+00:00,0.0
1253453083658588160,2020-04-23 22:37:57+00:00,0.0
1310744412721381376,2020-09-29 00:53:15+00:00,0.0
1245312453094883328,2020-04-01 11:30:00+00:00,0.0
1327298561038487554,2020-11-13 17:13:31+00:00,0.0
1219970750867759104,2020-01-22 13:11:07+00:00,3.0
1295669989580722176,2020-08-18 10:32:52+00:00,3.0
1180545754181574658,2019-10-05 18:10:15+00:00,0.0
1205173861895081984,2019-12-12 17:13:34+00:00,0.0
1244274211377549312,2020-03-29 14:44:24+00:00,0.0
1239111498565398528,2020-03-15 08:49:37+00:00,0.0
1292396897366429696,2020-08-09 09:46:46+00:00,0.0
1235628531180335105,2020-03-05 18:09:33+00:00,0.0
1316582341205204992,2020-10-15 03:31:05+00:00,0.0
1214573690572201984,2020-01-07 15:45:08+00:00,1.0
1327162934708015105,2020-11-13 08:14:35+00:00,2.0
1292095475328245762,2020-08-08 13:49:01+00:00,0.0
1220754793188204544,2020-01-24 17:06:37+00:00,3.0
1303649583294283776,2020-09-09 11:00:55+00:00,1.0
1235196778351296515,2020-03-04 13:33:55+00:00,2.0
1295327780079575041,2020-08-17 11:53:03+00:00,0.0
1219662691272462336,2020-01-21 16:47:00+00:00,0.0
1252512702024613888,2020-04-21 08:21:13+00:00,2.0
1306341527854231552,2020-09-16 21:17:45+00:00,0.0
1325336132926787584,2020-11-08 07:15:32+00:00,2.0
1311343830021570560,2020-09-30 16:35:07+00:00,3.0
1266065838249062400,2020-05-28 17:56:32+00:00,2.0
1226983827681226753,2020-02-10 21:38:35+00:00,0.0
1229748150686142464,2020-02-18 12:43:01+00:00,1.0
1244577632089489408,2020-03-30 10:50:05+00:00,1.0
1218018634913779712,2020-01-17 03:54:06+00:00,3.0
1311701594010980352,2020-10-01 16:16:44+00:00,0.0
1232472428871217152,2020-02-26 01:08:19+00:00,0.0
1251888000302284800,2020-04-19 14:58:52+00:00,0.0
1244323225284358149,2020-03-29 17:59:09+00:00,1.0
1278394795946360833,2020-07-01 18:27:25+00:00,0.0
1313767974252277760,2020-10-07 09:07:48+00:00,2.0
1315211923525447680,2020-10-11 08:45:32+00:00,2.0
1185302373415211010,2019-10-18 21:11:22+00:00,1.0
1237662161767292928,2020-03-11 08:50:28+00:00,0.0
1304788967867457537,2020-09-12 14:28:26+00:00,0.0
1319203108220751876,2020-10-22 09:05:05+00:00,0.0
1303723308093931525,2020-09-09 15:53:53+00:00,0.0
1322302180800503813,2020-10-30 22:19:41+00:00,3.0
1283764075877535744,2020-07-16 14:03:01+00:00,0.0
1257805841140527108,2020-05-05 22:54:16+00:00,0.0
1284858246725947393,2020-07-19 14:30:52+00:00,0.0
1243258922347180043,2020-03-26 19:30:00+00:00,0.0
1263568887427317764,2020-05-21 20:34:33+00:00,0.0
1310899473237905409,2020-09-29 11:09:24+00:00,0.0
1311636498312245253,2020-10-01 11:58:04+00:00,1.0
1304102027644022784,2020-09-10 16:58:47+00:00,1.0
1292875942424129538,2020-08-10 17:30:19+00:00,0.0
1327337798718910464,2020-11-13 19:49:26+00:00,0.0
1306548180083933184,2020-09-17 10:58:55+00:00,0.0
1301382254963417089,2020-09-03 04:51:22+00:00,2.0
1303989220793556993,2020-09-10 09:30:31+00:00,0.0
1321996752552136705,2020-10-30 02:06:01+00:00,0.0
1304496224289071112,2020-09-11 19:05:10+00:00,0.0
1234877972542259201,2020-03-03 16:27:06+00:00,2.0
1206545295687012352,2019-12-16 12:03:09+00:00,1.0
1189062905846734849,2019-10-29 06:14:23+00:00,2.0
1202878553555124224,2019-12-06 09:12:50+00:00,1.0
1303792439363239947,2020-09-09 20:28:35+00:00,1.0
1183427141163200512,2019-10-13 16:59:52+00:00,1.0
1327103914567553025,2020-11-13 04:20:04+00:00,3.0
1261005458157912064,2020-05-14 18:48:24+00:00,0.0
1321997684350152704,2020-10-30 02:09:44+00:00,2.0
1267425673825550336,2020-06-01 12:00:02+00:00,0.0
1235110022645866502,2020-03-04 07:49:11+00:00,3.0
1175533884940967937,2019-09-21 22:14:53+00:00,2.0
1310840374361980930,2020-09-29 07:14:34+00:00,2.0
1182641941437206528,2019-10-11 12:59:45+00:00,2.0
1224780100274515968,2020-02-04 19:41:45+00:00,1.0
1222159419242315776,2020-01-28 14:08:06+00:00,3.0
1303787635710799872,2020-09-09 20:09:30+00:00,1.0
1311428851520753665,2020-09-30 22:12:58+00:00,0.0
1247402233182007296,2020-04-07 05:54:02+00:00,2.0
1191445841061568518,2019-11-04 20:03:19+00:00,0.0
1327197012891033601,2020-11-13 10:30:00+00:00,0.0
1293884580232126464,2020-08-13 12:18:17+00:00,1.0
1209475394316972032,2019-12-24 14:06:19+00:00,1.0
1237791991137738752,2020-03-11 17:26:22+00:00,1.0
1183427141163200512,2019-10-13 16:59:52+00:00,1.0
1250032009315049476,2020-04-14 12:03:50+00:00,3.0
1321979444760735744,2020-10-30 00:57:15+00:00,0.0
1305728767747334144,2020-09-15 04:42:52+00:00,3.0
1223595535455617025,2020-02-01 13:14:43+00:00,0.0
1322552441200545792,2020-10-31 14:54:08+00:00,0.0
1220482584041459712,2020-01-23 23:04:58+00:00,1.0
1295327780079575041,2020-08-17 11:53:03+00:00,0.0
1318949221303767043,2020-10-21 16:16:13+00:00,1.0
1285213677986209795,2020-07-20 14:03:13+00:00,2.0
1248943153480192000,2020-04-11 11:57:06+00:00,0.0
1235957823760150528,2020-03-06 15:58:02+00:00,0.0
1274330868673323008,2020-06-20 13:18:49+00:00,0.0
1305942091390947328,2020-09-15 18:50:32+00:00,1.0
1209475394316972032,2019-12-24 14:06:19+00:00,1.0
1233823814108229632,2020-02-29 18:38:15+00:00,0.0
1260565990385082375,2020-05-13 13:42:06+00:00,3.0
1240168587400228864,2020-03-18 06:50:07+00:00,0.0
1250872570137714701,2020-04-16 19:43:55+00:00,2.0
1244278574103900160,2020-03-29 15:01:44+00:00,0.0
1253419238326321152,2020-04-23 20:23:28+00:00,0.0
1216916582007549952,2020-01-14 02:54:57+00:00,0.0
1231848997784031232,2020-02-24 07:51:02+00:00,0.0
1310085561156349955,2020-09-27 05:15:12+00:00,0.0
1175137455575642112,2019-09-20 19:59:37+00:00,3.0
1236346404940939264,2020-03-07 17:42:07+00:00,0.0
1247800140242382849,2020-04-08 08:15:11+00:00,1.0
1270719947463774210,2020-06-10 14:10:18+00:00,0.0
1306557291974533120,2020-09-17 11:35:07+00:00,2.0
1305609859828715520,2020-09-14 20:50:22+00:00,0.0
1243436964155662336,2020-03-27 07:17:28+00:00,1.0
1219970750867759104,2020-01-22 13:11:07+00:00,3.0
1270719947463774210,2020-06-10 14:10:18+00:00,0.0
1181608864501948417,2019-10-08 16:34:41+00:00,0.0
1214627234415366145,2020-01-07 19:17:54+00:00,0.0
1246887585802342401,2020-04-05 19:49:01+00:00,3.0
1281576675835285504,2020-07-10 13:11:04+00:00,3.0
1247899016559394820,2020-04-08 14:48:05+00:00,1.0
1295327780079575041,2020-08-17 11:53:03+00:00,0.0
1230872650517565440,2020-02-21 15:11:23+00:00,0.0
1236572993415008256,2020-03-08 08:42:30+00:00,0.0
1197424909795954688,2019-11-21 08:02:00+00:00,0.0
1245451944723918851,2020-04-01 20:44:17+00:00,2.0
1229748150686142464,2020-02-18 12:43:01+00:00,1.0
1325336132926787584,2020-11-08 07:15:32+00:00,2.0
1234496340480139267,2020-03-02 15:10:38+00:00,2.0
1218844356175466496,2020-01-19 10:35:14+00:00,0.0
1206909271755104256,2019-12-17 12:09:28+00:00,0.0
1263469710550675458,2020-05-21 14:00:27+00:00,0.0
1251893440608120832,2020-04-19 15:20:29+00:00,0.0
1230872650517565440,2020-02-21 15:11:23+00:00,0.0
1304788967867457537,2020-09-12 14:28:26+00:00,0.0
1301614564325371905,2020-09-03 20:14:29+00:00,0.0
1247412822327341058,2020-04-07 06:36:07+00:00,3.0
1321183008175673346,2020-10-27 20:12:30+00:00,0.0
1305466905789108224,2020-09-14 11:22:19+00:00,2.0
1175533884940967937,2019-09-21 22:14:53+00:00,2.0
1322079126866563072,2020-10-30 07:33:21+00:00,1.0
1295327780079575041,2020-08-17 11:53:03+00:00,0.0
1234844450712621058,2020-03-03 14:13:54+00:00,1.0
1306560408346660865,2020-09-17 11:47:30+00:00,1.0
1239630320938274817,2020-03-16 19:11:14+00:00,0.0
1301078095785611266,2020-09-02 08:42:45+00:00,0.0
1287739252374228997,2020-07-27 13:18:57+00:00,0.0
1219942709118500865,2020-01-22 11:19:41+00:00,1.0
1321003432002674689,2020-10-27 08:18:55+00:00,0.0
1253453083658588160,2020-04-23 22:37:57+00:00,0.0
1264440912626753541,2020-05-24 06:19:40+00:00,1.0
1258622551451992064,2020-05-08 04:59:34+00:00,0.0
1305503112761933826,2020-09-14 13:46:11+00:00,0.0
1221808041127043082,2020-01-27 14:51:51+00:00,3.0
1298953671015882753,2020-08-27 12:01:03+00:00,0.0
1300035628017606657,2020-08-30 11:40:21+00:00,0.0
1218868229583593473,2020-01-19 12:10:06+00:00,3.0
1237290521627963392,2020-03-10 08:13:42+00:00,2.0
1218844356175466496,2020-01-19 10:35:14+00:00,0.0
1293522714666381318,2020-08-12 12:20:22+00:00,0.0
1266718825191321600,2020-05-30 13:11:17+00:00,0.0
1238086048082735105,2020-03-12 12:54:51+00:00,1.0
1297807307368210432,2020-08-24 08:05:48+00:00,0.0
1305869945994182657,2020-09-15 14:03:51+00:00,3.0
1293214240757747712,2020-08-11 15:54:36+00:00,0.0
1192012133275488257,2019-11-06 09:33:33+00:00,0.0
1310726961900085249,2020-09-28 23:43:54+00:00,0.0
1304778795434545153,2020-09-12 13:48:01+00:00,0.0
1176526161641213953,2019-09-24 15:57:50+00:00,0.0
1208550219484286977,2019-12-22 00:50:00+00:00,0.0
1304118553604272128,2020-09-10 18:04:27+00:00,0.0
1250872570137714701,2020-04-16 19:43:55+00:00,2.0
1245664784307150848,2020-04-02 10:50:02+00:00,0.0
1250350849311666178,2020-04-15 09:10:47+00:00,0.0
1258158305735819267,2020-05-06 22:14:50+00:00,3.0
1263469710550675458,2020-05-21 14:00:27+00:00,0.0
1253419238326321152,2020-04-23 20:23:28+00:00,0.0
1321994038757761026,2020-10-30 01:55:14+00:00,0.0
1310954936407130113,2020-09-29 14:49:47+00:00,2.0
1246110013766144002,2020-04-03 16:19:13+00:00,1.0
1304359978124431360,2020-09-11 10:03:47+00:00,0.0
1244230583510642689,2020-03-29 11:51:02+00:00,0.0
1322084603889389568,2020-10-30 07:55:07+00:00,1.0
1263901766359359488,2020-05-22 18:37:17+00:00,0.0
1211290272245542912,2019-12-29 14:18:00+00:00,3.0
1209105481790296070,2019-12-23 13:36:25+00:00,0.0
1304102027644022784,2020-09-10 16:58:47+00:00,1.0
1301235505137319937,2020-09-02 19:08:14+00:00,3.0
1251939321789190144,2020-04-19 18:22:48+00:00,2.0
1292495731580964866,2020-08-09 16:19:30+00:00,2.0
1311666917099204611,2020-10-01 13:58:57+00:00,0.0
1298062597468508161,2020-08-25 01:00:14+00:00,3.0
1259009938824867840,2020-05-09 06:38:55+00:00,0.0
1306122755176308736,2020-09-16 06:48:26+00:00,0.0
1240298965528006656,2020-03-18 15:28:11+00:00,1.0
1262437171509764097,2020-05-18 17:37:31+00:00,0.0
1311343830021570560,2020-09-30 16:35:07+00:00,3.0
1310958773935247360,2020-09-29 15:05:02+00:00,0.0
1270719947463774210,2020-06-10 14:10:18+00:00,0.0
1310695764214112262,2020-09-28 21:39:56+00:00,2.0
1304001762769149955,2020-09-10 10:20:22+00:00,2.0
1204535797468282880,2019-12-10 22:58:07+00:00,0.0
1247861060918562828,2020-04-08 12:17:15+00:00,1.0
1308711730688733185,2020-09-23 10:16:05+00:00,1.0
1198302823320051718,2019-11-23 18:10:31+00:00,0.0
1223159639899955200,2020-01-31 08:22:38+00:00,2.0
1322194611683627010,2020-10-30 15:12:15+00:00,0.0
1277613736547823616,2020-06-29 14:43:46+00:00,3.0
1191690048502153216,2019-11-05 12:13:42+00:00,1.0
1305149670654701570,2020-09-13 14:21:44+00:00,1.0
1259138571077910531,2020-05-09 15:10:03+00:00,1.0
1327100062384619520,2020-11-13 04:04:45+00:00,0.0
1307586197791944705,2020-09-20 07:43:37+00:00,0.0
1317439750144393217,2020-10-17 12:18:07+00:00,1.0
1234912421531308033,2020-03-03 18:43:59+00:00,1.0
1307052415133405184,2020-09-18 20:22:34+00:00,0.0
1172485370862276609,2019-09-13 12:21:10+00:00,0.0
1236300570635440128,2020-03-07 14:40:00+00:00,0.0
1306560408346660865,2020-09-17 11:47:30+00:00,1.0
1320508827356246017,2020-10-25 23:33:32+00:00,0.0
1303799270022275073,2020-09-09 20:55:44+00:00,0.0
1321996752552136705,2020-10-30 02:06:01+00:00,0.0
1185273735449923584,2019-10-18 19:17:34+00:00,0.0
1233839690496774149,2020-02-29 19:41:20+00:00,0.0
1172861097810042880,2019-09-14 13:14:11+00:00,1.0
1264172513224990720,2020-05-23 12:33:08+00:00,0.0
1263072071808057349,2020-05-20 11:40:23+00:00,0.0
1234435094221291520,2020-03-02 11:07:15+00:00,3.0
1249820658436960256,2020-04-13 22:04:00+00:00,0.0
1310798354431897601,2020-09-29 04:27:35+00:00,0.0
1305603388009308160,2020-09-14 20:24:39+00:00,0.0
1201086053291118598,2019-12-01 10:30:04+00:00,0.0
1265213624454459392,2020-05-26 09:30:09+00:00,3.0
1244577632089489408,2020-03-30 10:50:05+00:00,1.0
1239894001878171648,2020-03-17 12:39:00+00:00,3.0
1322523579569897473,2020-10-31 12:59:27+00:00,0.0
1293133202484322306,2020-08-11 10:32:35+00:00,0.0
1252368533989679106,2020-04-20 22:48:21+00:00,1.0
1327273505725902848,2020-11-13 15:33:57+00:00,0.0
1293642169958440961,2020-08-12 20:15:02+00:00,0.0
1260169925362098176,2020-05-12 11:28:17+00:00,0.0
1217777688020226048,2020-01-16 11:56:40+00:00,1.0
1266118388650332171,2020-05-28 21:25:21+00:00,0.0
1326306156122427392,2020-11-10 23:30:03+00:00,0.0
1278619345900445696,2020-07-02 09:19:42+00:00,0.0
1313977878007013376,2020-10-07 23:01:53+00:00,0.0
1266005766462464009,2020-05-28 13:57:50+00:00,0.0
1223595535455617025,2020-02-01 13:14:43+00:00,0.0
1267718539827240962,2020-06-02 07:23:47+00:00,0.0
1326449879690981378,2020-11-11 09:01:10+00:00,0.0
1263732279337082880,2020-05-22 07:23:49+00:00,0.0
1320741168544530435,2020-10-26 14:56:47+00:00,0.0
1317821888958115842,2020-10-18 13:36:36+00:00,1.0
1308995599635820545,2020-09-24 05:04:05+00:00,0.0
1322424071565561856,2020-10-31 06:24:02+00:00,2.0
1307022455282827264,2020-09-18 18:23:31+00:00,1.0
1317714064722874369,2020-10-18 06:28:09+00:00,2.0
1252269346526765059,2020-04-20 16:14:12+00:00,0.0
1307052415133405184,2020-09-18 20:22:34+00:00,0.0
1318942238366420993,2020-10-21 15:48:29+00:00,1.0
1244932068381011970,2020-03-31 10:18:29+00:00,3.0
1259478964336279552,2020-05-10 13:42:39+00:00,0.0
1183335484040400898,2019-10-13 10:55:39+00:00,0.0
1206139359105363969,2019-12-15 09:10:06+00:00,3.0
1306341527854231552,2020-09-16 21:17:45+00:00,0.0
1198331687714934785,2019-11-23 20:05:12+00:00,3.0
1327289754686283778,2020-11-13 16:38:32+00:00,1.0
1303412639637409792,2020-09-08 19:19:24+00:00,0.0
1286710817531011073,2020-07-24 17:12:19+00:00,0.0
1274027269099368448,2020-06-19 17:12:25+00:00,0.0
1310726961900085249,2020-09-28 23:43:54+00:00,0.0
1293522714666381318,2020-08-12 12:20:22+00:00,0.0
1249614852609507328,2020-04-13 08:26:12+00:00,3.0
1240168587400228864,2020-03-18 06:50:07+00:00,0.0
1268917249974378496,2020-06-05 14:47:02+00:00,0.0
1293813674415620096,2020-08-13 07:36:32+00:00,0.0
1259478964336279552,2020-05-10 13:42:39+00:00,0.0
1311741005989806081,2020-10-01 18:53:21+00:00,0.0
1196814405574496262,2019-11-19 15:36:04+00:00,0.0
1327302613692342272,2020-11-13 17:29:37+00:00,3.0
1206909271755104256,2019-12-17 12:09:28+00:00,0.0
1263143690983419906,2020-05-20 16:24:58+00:00,0.0
1248256950363738114,2020-04-09 14:30:23+00:00,3.0
1326306156122427392,2020-11-10 23:30:03+00:00,0.0
1318637683359567877,2020-10-20 19:38:17+00:00,1.0
1237744940635078657,2020-03-11 14:19:24+00:00,3.0
1303730567935070208,2020-09-09 16:22:44+00:00,1.0
1235584612589502464,2020-03-05 15:15:02+00:00,0.0
1260238222661169152,2020-05-12 15:59:41+00:00,0.0
1251870682360799235,2020-04-19 13:50:03+00:00,0.0
1206157941176487936,2019-12-15 10:23:57+00:00,3.0
1192785338676023296,2019-11-08 12:46:00+00:00,0.0
1310648310517161985,2020-09-28 18:31:22+00:00,3.0
1260167603189841928,2020-05-12 11:19:04+00:00,0.0
1173621517755850753,2019-09-16 15:35:49+00:00,3.0
1303640028074172416,2020-09-09 10:22:57+00:00,0.0
1244577632089489408,2020-03-30 10:50:05+00:00,1.0
1322108387014815744,2020-10-30 09:29:37+00:00,0.0
1327143659532218368,2020-11-13 06:58:00+00:00,3.0
1256126885035233281,2020-05-01 07:42:41+00:00,1.0
1263732279337082880,2020-05-22 07:23:49+00:00,0.0
1316541731035394048,2020-10-15 00:49:43+00:00,0.0
1265350605192790018,2020-05-26 18:34:28+00:00,0.0
1322255722655240192,2020-10-30 19:15:05+00:00,3.0
1310885201036402689,2020-09-29 10:12:41+00:00,0.0
1292704292546043904,2020-08-10 06:08:15+00:00,0.0
1262451922335916034,2020-05-18 18:36:08+00:00,0.0
1250768210024153088,2020-04-16 12:49:14+00:00,0.0
1258067857881128960,2020-05-06 16:15:25+00:00,0.0
1229742114554220544,2020-02-18 12:19:02+00:00,0.0
1177425112108171264,2019-09-27 03:29:56+00:00,0.0
1303412639637409792,2020-09-08 19:19:24+00:00,0.0
1244230583510642689,2020-03-29 11:51:02+00:00,0.0
1322148759602663424,2020-10-30 12:10:03+00:00,3.0
1310783381886521344,2020-09-29 03:28:06+00:00,0.0
1217336002445885440,2020-01-15 06:41:34+00:00,1.0
1237869515251171335,2020-03-11 22:34:25+00:00,1.0
1318082685202534401,2020-10-19 06:52:55+00:00,2.0
1203834621185732608,2019-12-09 00:31:54+00:00,0.0
1305181742014361600,2020-09-13 16:29:11+00:00,0.0
1263568887427317764,2020-05-21 20:34:33+00:00,0.0
1219924235583397888,2020-01-22 10:06:17+00:00,0.0
1308086207478460421,2020-09-21 16:50:29+00:00,0.0
1222477311787880449,2020-01-29 11:11:18+00:00,1.0
1237290521627963392,2020-03-10 08:13:42+00:00,2.0
1234533722923438080,2020-03-02 17:39:10+00:00,0.0
1226072428704653312,2020-02-08 09:17:00+00:00,0.0
1231993795006386177,2020-02-24 17:26:24+00:00,1.0
1226072428704653312,2020-02-08 09:17:00+00:00,0.0
1268917249974378496,2020-06-05 14:47:02+00:00,0.0
1322525321514594306,2020-10-31 13:06:22+00:00,1.0
1301078095785611266,2020-09-02 08:42:45+00:00,0.0
1228470490039308290,2020-02-15 00:06:03+00:00,0.0
1264440912626753541,2020-05-24 06:19:40+00:00,1.0
1199649377159204865,2019-11-27 11:21:14+00:00,2.0
1292095475328245762,2020-08-08 13:49:01+00:00,0.0
1246391012886536192,2020-04-04 10:55:48+00:00,1.0
1190917842503376896,2019-11-03 09:05:14+00:00,1.0
1251870682360799235,2020-04-19 13:50:03+00:00,0.0
1243938444201648129,2020-03-28 16:30:11+00:00,0.0
1200814759362383872,2019-11-30 16:32:03+00:00,1.0
1236401958031962114,2020-03-07 21:22:52+00:00,1.0
1307767079718850560,2020-09-20 19:42:23+00:00,2.0
1306172413735055362,2020-09-16 10:05:45+00:00,3.0
1193113437506822144,2019-11-09 10:29:45+00:00,1.0
1244642254922354692,2020-03-30 15:06:52+00:00,0.0
1221808041127043082,2020-01-27 14:51:51+00:00,3.0
1327100123780792320,2020-11-13 04:05:00+00:00,3.0
1211436369647751173,2019-12-29 23:58:32+00:00,0.0
1240648919564062726,2020-03-19 14:38:47+00:00,1.0
1316039032728674306,2020-10-13 15:32:10+00:00,1.0
1305902676203446275,2020-09-15 16:13:55+00:00,2.0
1308964917123387397,2020-09-24 03:02:10+00:00,0.0
1244289021221756933,2020-03-29 15:43:15+00:00,0.0
1246110013766144002,2020-04-03 16:19:13+00:00,1.0
1182641941437206528,2019-10-11 12:59:45+00:00,2.0
1214627234415366145,2020-01-07 19:17:54+00:00,0.0
1204115388449075204,2019-12-09 19:07:34+00:00,1.0
1310778373170438144,2020-09-29 03:08:11+00:00,3.0
1307591937982164997,2020-09-20 08:06:26+00:00,1.0
1293884580232126464,2020-08-13 12:18:17+00:00,1.0
1303810119935852545,2020-09-09 21:38:50+00:00,0.0
1316541731035394048,2020-10-15 00:49:43+00:00,0.0
1306893268593115137,2020-09-18 09:50:10+00:00,2.0
1214970262933954562,2020-01-08 18:00:58+00:00,3.0
1305133599071629313,2020-09-13 13:17:52+00:00,0.0
1234435094221291520,2020-03-02 11:07:15+00:00,3.0
1313583432740593664,2020-10-06 20:54:30+00:00,0.0
1218844356175466496,2020-01-19 10:35:14+00:00,0.0
1235114430721126402,2020-03-04 08:06:42+00:00,0.0
1322678663788331010,2020-10-31 23:15:42+00:00,0.0
1248167731838492672,2020-04-09 08:35:51+00:00,1.0
1252217053332664326,2020-04-20 12:46:25+00:00,2.0
1234498175345528833,2020-03-02 15:17:55+00:00,0.0
1321997684350152704,2020-10-30 02:09:44+00:00,2.0
1225216496068104192,2020-02-06 00:35:50+00:00,0.0
1292495731580964866,2020-08-09 16:19:30+00:00,2.0
1235454872285216768,2020-03-05 06:39:29+00:00,0.0
1234848163158253568,2020-03-03 14:28:39+00:00,0.0
1306347003744595973,2020-09-16 21:39:31+00:00,2.0
1220247066682765313,2020-01-23 07:29:06+00:00,3.0
1185601811916279808,2019-10-19 17:01:14+00:00,0.0
1236152894136688647,2020-03-07 04:53:11+00:00,0.0
1268267995454898176,2020-06-03 19:47:08+00:00,0.0
1303555783154700288,2020-09-09 04:48:12+00:00,1.0
1304063703147577346,2020-09-10 14:26:29+00:00,0.0
1292495731580964866,2020-08-09 16:19:30+00:00,2.0
1201574309417963520,2019-12-02 18:50:14+00:00,3.0
1250032009315049476,2020-04-14 12:03:50+00:00,3.0
1304010136764243969,2020-09-10 10:53:38+00:00,0.0
1237094502336049153,2020-03-09 19:14:48+00:00,1.0
1221014809979838467,2020-01-25 10:19:50+00:00,1.0
1291747209432559616,2020-08-07 14:45:08+00:00,0.0
1263568887427317764,2020-05-21 20:34:33+00:00,0.0
1290730645631766530,2020-08-04 19:25:41+00:00,0.0
1298281285312544769,2020-08-25 15:29:13+00:00,0.0
1250112957956198401,2020-04-14 17:25:29+00:00,0.0
1210144741523890176,2019-12-26 10:26:04+00:00,1.0
1292429372633362433,2020-08-09 11:55:49+00:00,0.0
1305133599071629313,2020-09-13 13:17:52+00:00,0.0
1305057449083363329,2020-09-13 08:15:17+00:00,0.0
1251893440608120832,2020-04-19 15:20:29+00:00,0.0
1302938318708105216,2020-09-07 11:54:37+00:00,0.0
1321529834678484993,2020-10-28 19:10:40+00:00,3.0
1310632206453399552,2020-09-28 17:27:23+00:00,0.0
1322534906514284549,2020-10-31 13:44:27+00:00,0.0
1317106905207234563,2020-10-16 14:15:31+00:00,0.0
1283031936097812482,2020-07-14 13:33:45+00:00,3.0
1308385362541150209,2020-09-22 12:39:13+00:00,3.0
1210495898733731840,2019-12-27 09:41:26+00:00,1.0
1311343830021570560,2020-09-30 16:35:07+00:00,3.0
1197026900167794688,2019-11-20 05:40:27+00:00,0.0
1326963400782524416,2020-11-12 19:01:43+00:00,3.0
1190340886414188548,2019-11-01 18:52:37+00:00,2.0
1243186972463640576,2020-03-26 14:44:06+00:00,0.0
1244277440224071682,2020-03-29 14:57:13+00:00,0.0
1177189778359488512,2019-09-26 11:54:48+00:00,3.0
1197907914842882048,2019-11-22 16:01:17+00:00,3.0
1320447481835081728,2020-10-25 19:29:47+00:00,2.0
1262693977523920902,2020-05-19 10:37:58+00:00,0.0
1209485301447573505,2019-12-24 14:45:41+00:00,0.0
1292402356714446854,2020-08-09 10:08:28+00:00,0.0
1303751902287593473,2020-09-09 17:47:30+00:00,2.0
1171685167049641984,2019-09-11 07:21:27+00:00,1.0
1246321494499700736,2020-04-04 06:19:34+00:00,0.0
1243474089374875650,2020-03-27 09:45:00+00:00,2.0
1209189625727725575,2019-12-23 19:10:47+00:00,1.0
1266886874141995013,2020-05-31 00:19:03+00:00,3.0
1254390848336343042,2020-04-26 12:44:18+00:00,2.0
1322613414326317058,2020-10-31 18:56:25+00:00,0.0
1286862326789025794,2020-07-25 03:14:22+00:00,0.0
1245664784307150848,2020-04-02 10:50:02+00:00,0.0
1226983827681226753,2020-02-10 21:38:35+00:00,0.0
1245093199682646020,2020-03-31 20:58:46+00:00,0.0
1245340020619325440,2020-04-01 13:19:32+00:00,1.0
1314669158135603201,2020-10-09 20:48:47+00:00,0.0
1325336132926787584,2020-11-08 07:15:32+00:00,2.0
1247275584226578438,2020-04-06 21:30:47+00:00,3.0
1306347003744595973,2020-09-16 21:39:31+00:00,2.0
1168798927077945344,2019-09-03 08:12:34+00:00,1.0
1305923201294315521,2020-09-15 17:35:28+00:00,0.0
1180545754181574658,2019-10-05 18:10:15+00:00,0.0
1311769870258843649,2020-10-01 20:48:03+00:00,0.0
1220237199280492544,2020-01-23 06:49:53+00:00,3.0
1310954936407130113,2020-09-29 14:49:47+00:00,2.0
1172376475397308418,2019-09-13 05:08:28+00:00,1.0
1251893440608120832,2020-04-19 15:20:29+00:00,0.0
1208511753426022400,2019-12-21 22:17:09+00:00,1.0
1168865514866782208,2019-09-03 12:37:09+00:00,0.0
1242562785944444929,2020-03-24 21:23:48+00:00,3.0
1216916582007549952,2020-01-14 02:54:57+00:00,0.0
1304036822947954689,2020-09-10 12:39:41+00:00,0.0
1192012133275488257,2019-11-06 09:33:33+00:00,0.0
1249433295349264384,2020-04-12 20:24:45+00:00,0.0
1201086053291118598,2019-12-01 10:30:04+00:00,0.0
1237869515251171335,2020-03-11 22:34:25+00:00,1.0
1259478964336279552,2020-05-10 13:42:39+00:00,0.0
1295792344860590082,2020-08-18 18:39:04+00:00,3.0
1321183008175673346,2020-10-27 20:12:30+00:00,0.0
1223018557052792832,2020-01-30 23:02:01+00:00,3.0
1187799544236523520,2019-10-25 18:34:14+00:00,1.0
1307639198564921344,2020-09-20 11:14:14+00:00,1.0
1322483682083483648,2020-10-31 10:20:55+00:00,3.0
1295669989580722176,2020-08-18 10:32:52+00:00,3.0
1310840374361980930,2020-09-29 07:14:34+00:00,2.0
1323559621886435329,2020-11-03 09:36:19+00:00,3.0
1219373096529989633,2020-01-20 21:36:15+00:00,3.0
1178409905994293248,2019-09-29 20:43:10+00:00,1.0
1304012128005677056,2020-09-10 11:01:33+00:00,0.0
1304163368899694597,2020-09-10 21:02:31+00:00,0.0
1305256083590729734,2020-09-13 21:24:35+00:00,1.0
1261622787787100160,2020-05-16 11:41:27+00:00,0.0
1171685167049641984,2019-09-11 07:21:27+00:00,1.0
1218018634913779712,2020-01-17 03:54:06+00:00,3.0
1303580443212681217,2020-09-09 06:26:11+00:00,0.0
1255008585320484864,2020-04-28 05:38:58+00:00,1.0
1305728767747334144,2020-09-15 04:42:52+00:00,3.0
1260624202945622016,2020-05-13 17:33:25+00:00,2.0
1303752407181070346,2020-09-09 17:49:31+00:00,0.0
1304013969716391936,2020-09-10 11:08:52+00:00,1.0
1238234633717919744,2020-03-12 22:45:16+00:00,0.0
1307953481563746304,2020-09-21 08:03:05+00:00,0.0
1250066564025548801,2020-04-14 14:21:08+00:00,0.0
1269268349567066112,2020-06-06 14:02:11+00:00,0.0
1316582341205204992,2020-10-15 03:31:05+00:00,0.0
1226419463265890304,2020-02-09 08:16:00+00:00,0.0
1241265097575665664,2020-03-21 07:27:15+00:00,3.0
1259138571077910531,2020-05-09 15:10:03+00:00,1.0
1226072428704653312,2020-02-08 09:17:00+00:00,0.0
1292429372633362433,2020-08-09 11:55:49+00:00,0.0
1209475394316972032,2019-12-24 14:06:19+00:00,1.0
1327266244945453057,2020-11-13 15:05:06+00:00,3.0
1322212546892439559,2020-10-30 16:23:31+00:00,0.0
1233477077715816448,2020-02-28 19:40:26+00:00,0.0
1319220141868142593,2020-10-22 10:12:46+00:00,1.0
1304679899173711878,2020-09-12 07:15:02+00:00,1.0
1305256083590729734,2020-09-13 21:24:35+00:00,1.0
1297807307368210432,2020-08-24 08:05:48+00:00,0.0
1206106616405344256,2019-12-15 07:00:00+00:00,0.0
1264868708167581697,2020-05-25 10:39:34+00:00,0.0
1188487043518742529,2019-10-27 16:06:06+00:00,1.0
1295276962383110144,2020-08-17 08:31:07+00:00,3.0
1316993476416790528,2020-10-16 06:44:47+00:00,0.0
1258158305735819267,2020-05-06 22:14:50+00:00,3.0
1174639919114985472,2019-09-19 11:02:35+00:00,0.0
1269268349567066112,2020-06-06 14:02:11+00:00,0.0
1245340020619325440,2020-04-01 13:19:32+00:00,1.0
1206909271755104256,2019-12-17 12:09:28+00:00,0.0
1202325735236624385,2019-12-04 20:36:08+00:00,1.0
1234498175345528833,2020-03-02 15:17:55+00:00,0.0
1241718405075480577,2020-03-22 13:28:32+00:00,3.0
1235680413034491904,2020-03-05 21:35:42+00:00,2.0
1215184155992121344,2020-01-09 08:10:54+00:00,2.0
1190917842503376896,2019-11-03 09:05:14+00:00,1.0
1235528015385329675,2020-03-05 11:30:08+00:00,3.0
1327218070407032832,2020-11-13 11:53:41+00:00,3.0
1303812305608736768,2020-09-09 21:47:31+00:00,2.0
1204363135639011333,2019-12-10 11:32:02+00:00,0.0
1266718825191321600,2020-05-30 13:11:17+00:00,0.0
1263901766359359488,2020-05-22 18:37:17+00:00,0.0
1299783632077422602,2020-08-29 18:59:01+00:00,0.0
1263143690983419906,2020-05-20 16:24:58+00:00,0.0
1236293049602498560,2020-03-07 14:10:06+00:00,1.0
1191289168426610688,2019-11-04 09:40:45+00:00,0.0
1236346404940939264,2020-03-07 17:42:07+00:00,0.0
1249726522400878593,2020-04-13 15:49:56+00:00,0.0
1222159419242315776,2020-01-28 14:08:06+00:00,3.0
1293111096300142592,2020-08-11 09:04:44+00:00,0.0
1256511167251599360,2020-05-02 09:09:41+00:00,0.0
1251888000302284800,2020-04-19 14:58:52+00:00,0.0
1327188910053593088,2020-11-13 09:57:48+00:00,3.0
1301080937753718784,2020-09-02 08:54:03+00:00,0.0
1236293049602498560,2020-03-07 14:10:06+00:00,1.0
1219662691272462336,2020-01-21 16:47:00+00:00,0.0
1202878553555124224,2019-12-06 09:12:50+00:00,1.0
1216917853640761346,2020-01-14 03:00:00+00:00,0.0
1327226956971012098,2020-11-13 12:28:59+00:00,0.0
1251087683897753600,2020-04-17 09:58:42+00:00,0.0
1263744154045202432,2020-05-22 08:11:00+00:00,0.0
1322145707692826627,2020-10-30 11:57:55+00:00,1.0
1201574309417963520,2019-12-02 18:50:14+00:00,3.0
1205762743267184641,2019-12-14 08:13:34+00:00,2.0
1223018557052792832,2020-01-30 23:02:01+00:00,3.0
1249820658436960256,2020-04-13 22:04:00+00:00,0.0
1254720487403524097,2020-04-27 10:34:10+00:00,0.0
1219662691272462336,2020-01-21 16:47:00+00:00,0.0
1291027399182876672,2020-08-05 15:04:52+00:00,0.0
1247824898048876546,2020-04-08 09:53:33+00:00,1.0
1210885626607931398,2019-12-28 11:30:05+00:00,1.0
1188487043518742529,2019-10-27 16:06:06+00:00,1.0
1228368192093016067,2020-02-14 17:19:33+00:00,0.0
1303738112225533952,2020-09-09 16:52:42+00:00,2.0
1192402955594555392,2019-11-07 11:26:33+00:00,3.0
1261180292284506112,2020-05-15 06:23:07+00:00,3.0
1243436964155662336,2020-03-27 07:17:28+00:00,1.0
1315171784300298240,2020-10-11 06:06:02+00:00,0.0
1239494647426269185,2020-03-16 10:12:07+00:00,2.0
1322255722655240192,2020-10-30 19:15:05+00:00,3.0
1266977190979256321,2020-05-31 06:17:56+00:00,0.0
1258809820678959105,2020-05-08 17:23:43+00:00,0.0
1169244327345840128,2019-09-04 13:42:25+00:00,0.0
1311701594010980352,2020-10-01 16:16:44+00:00,0.0
1233381540907945985,2020-02-28 13:20:49+00:00,1.0
1305133599071629313,2020-09-13 13:17:52+00:00,0.0
1206909271755104256,2019-12-17 12:09:28+00:00,0.0
1278619345900445696,2020-07-02 09:19:42+00:00,0.0
1308614856032096256,2020-09-23 03:51:09+00:00,0.0
1189251466227343361,2019-10-29 18:43:39+00:00,2.0
1303752407181070346,2020-09-09 17:49:31+00:00,0.0
1210438739769614336,2019-12-27 05:54:19+00:00,1.0
1253453083658588160,2020-04-23 22:37:57+00:00,0.0
1191445841061568518,2019-11-04 20:03:19+00:00,0.0
1255703352098402305,2020-04-30 03:39:43+00:00,1.0
1317531196088254464,2020-10-17 18:21:30+00:00,3.0
1305170331603214336,2020-09-13 15:43:50+00:00,1.0
1251622217634525188,2020-04-18 21:22:45+00:00,0.0
1195026542302248960,2019-11-14 17:11:44+00:00,1.0
1228593960551100418,2020-02-15 08:16:41+00:00,1.0
1264440912626753541,2020-05-24 06:19:40+00:00,1.0
1298062597468508161,2020-08-25 01:00:14+00:00,3.0
1263568887427317764,2020-05-21 20:34:33+00:00,0.0
1184733784685469696,2019-10-17 07:32:00+00:00,0.0
1264172513224990720,2020-05-23 12:33:08+00:00,0.0
1327298561038487554,2020-11-13 17:13:31+00:00,0.0
1238248433301028872,2020-03-12 23:40:06+00:00,3.0
1311343830021570560,2020-09-30 16:35:07+00:00,3.0
1284441802423009281,2020-07-18 10:56:04+00:00,0.0
1209469364002578432,2019-12-24 13:42:21+00:00,0.0
1248256950363738114,2020-04-09 14:30:23+00:00,3.0
1245451944723918851,2020-04-01 20:44:17+00:00,2.0
1322108387014815744,2020-10-30 09:29:37+00:00,0.0
1322424071565561856,2020-10-31 06:24:02+00:00,2.0
1299293193746423809,2020-08-28 10:30:11+00:00,0.0
1236616165151125510,2020-03-08 11:34:03+00:00,0.0
1273893143772094467,2020-06-19 08:19:27+00:00,3.0
1321529834678484993,2020-10-28 19:10:40+00:00,3.0
1229748150686142464,2020-02-18 12:43:01+00:00,1.0
1248189763179483137,2020-04-09 10:03:24+00:00,2.0
1221808041127043082,2020-01-27 14:51:51+00:00,3.0
1327289754686283778,2020-11-13 16:38:32+00:00,1.0
1317834297798176769,2020-10-18 14:25:55+00:00,2.0
1186264774730027010,2019-10-21 12:55:36+00:00,1.0
1308726444537909248,2020-09-23 11:14:33+00:00,1.0
1208453729780940800,2019-12-21 18:26:35+00:00,3.0
1311415805503066113,2020-09-30 21:21:07+00:00,0.0
1192410579098624000,2019-11-07 11:56:50+00:00,3.0
1267425673825550336,2020-06-01 12:00:02+00:00,0.0
1246887585802342401,2020-04-05 19:49:01+00:00,3.0
1303209087811940353,2020-09-08 05:50:33+00:00,0.0
1297144221992923140,2020-08-22 12:10:56+00:00,0.0
1256663026163314688,2020-05-02 19:13:07+00:00,0.0
1321477739296292864,2020-10-28 15:43:39+00:00,3.0
1293522714666381318,2020-08-12 12:20:22+00:00,0.0
1257351599896363009,2020-05-04 16:49:16+00:00,1.0
1272164577980100609,2020-06-14 13:50:45+00:00,3.0
1303639532420698112,2020-09-09 10:20:59+00:00,0.0
1185601811916279808,2019-10-19 17:01:14+00:00,0.0
1304036822947954689,2020-09-10 12:39:41+00:00,0.0
1295136741360369664,2020-08-16 23:13:56+00:00,0.0
1310784254729760768,2020-09-29 03:31:34+00:00,0.0
1168865514866782208,2019-09-03 12:37:09+00:00,0.0
1292580594648363014,2020-08-09 21:56:43+00:00,0.0
1320447481835081728,2020-10-25 19:29:47+00:00,2.0
1270719947463774210,2020-06-10 14:10:18+00:00,0.0
1258754212680339456,2020-05-08 13:42:45+00:00,3.0
1305604129016950795,2020-09-14 20:27:35+00:00,1.0
1235157812302491648,2020-03-04 10:59:05+00:00,1.0
1305149670654701570,2020-09-13 14:21:44+00:00,1.0
1293884580232126464,2020-08-13 12:18:17+00:00,1.0
1321741879596273664,2020-10-29 09:13:15+00:00,2.0
1224780100274515968,2020-02-04 19:41:45+00:00,1.0
1253678086119399424,2020-04-24 13:32:02+00:00,3.0
1305133599071629313,2020-09-13 13:17:52+00:00,0.0
1194308584076697601,2019-11-12 17:38:50+00:00,1.0
1301855484232765441,2020-09-04 12:11:49+00:00,0.0
1224780100274515968,2020-02-04 19:41:45+00:00,1.0
1278619345900445696,2020-07-02 09:19:42+00:00,0.0
1306294399937187878,2020-09-16 18:10:29+00:00,1.0
1311332136675430405,2020-09-30 15:48:39+00:00,0.0
1298432979656736769,2020-08-26 01:32:00+00:00,2.0
1284441802423009281,2020-07-18 10:56:04+00:00,0.0
1241894004549193729,2020-03-23 01:06:18+00:00,2.0
1322067834353143808,2020-10-30 06:48:29+00:00,0.0
1304036822947954689,2020-09-10 12:39:41+00:00,0.0
1197907914842882048,2019-11-22 16:01:17+00:00,3.0
1308086207478460421,2020-09-21 16:50:29+00:00,0.0
1214573690572201984,2020-01-07 15:45:08+00:00,1.0
1311415805503066113,2020-09-30 21:21:07+00:00,0.0
1230872650517565440,2020-02-21 15:11:23+00:00,0.0
1195306713907224577,2019-11-15 11:45:02+00:00,3.0
1322173024473370627,2020-10-30 13:46:28+00:00,2.0
1249614852609507328,2020-04-13 08:26:12+00:00,3.0
1197907914842882048,2019-11-22 16:01:17+00:00,3.0
1226072428704653312,2020-02-08 09:17:00+00:00,0.0
1303751135803715584,2020-09-09 17:44:27+00:00,2.0
1318949221303767043,2020-10-21 16:16:13+00:00,1.0
1249785780874207232,2020-04-13 19:45:24+00:00,0.0
1169761900889952256,2019-09-05 23:59:04+00:00,0.0
1295669989580722176,2020-08-18 10:32:52+00:00,3.0
1306927416879788033,2020-09-18 12:05:52+00:00,0.0
1251087683897753600,2020-04-17 09:58:42+00:00,0.0
1305604761014743040,2020-09-14 20:30:06+00:00,0.0
1311024300036689921,2020-09-29 19:25:25+00:00,2.0
1245627979255799808,2020-04-02 08:23:47+00:00,3.0
1241945144800071682,2020-03-23 04:29:31+00:00,0.0
1311343830021570560,2020-09-30 16:35:07+00:00,3.0
1303977911301681152,2020-09-10 08:45:35+00:00,1.0
1235114430721126402,2020-03-04 08:06:42+00:00,0.0
1299284765514838017,2020-08-28 09:56:42+00:00,0.0
1211290272245542912,2019-12-29 14:18:00+00:00,3.0
1243561073527029761,2020-03-27 15:30:38+00:00,0.0
1255703352098402305,2020-04-30 03:39:43+00:00,1.0
1265350605192790018,2020-05-26 18:34:28+00:00,0.0
1213926039782666241,2020-01-05 20:51:36+00:00,3.0
1318899003631849472,2020-10-21 12:56:41+00:00,0.0
1192785338676023296,2019-11-08 12:46:00+00:00,0.0
1262051239925362690,2020-05-17 16:03:58+00:00,0.0
1235110022645866502,2020-03-04 07:49:11+00:00,3.0
1174079917597843457,2019-09-17 21:57:20+00:00,3.0
1321502082793439232,2020-10-28 17:20:23+00:00,0.0
1243474089374875650,2020-03-27 09:45:00+00:00,2.0
1260167603189841928,2020-05-12 11:19:04+00:00,0.0
1251888000302284800,2020-04-19 14:58:52+00:00,0.0
1221808041127043082,2020-01-27 14:51:51+00:00,3.0
1261991218487136257,2020-05-17 12:05:27+00:00,1.0
1310565977390804993,2020-09-28 13:04:12+00:00,0.0
1292095475328245762,2020-08-08 13:49:01+00:00,0.0
1310885201036402689,2020-09-29 10:12:41+00:00,0.0
1216773027007991808,2020-01-13 17:24:30+00:00,0.0
1250872570137714701,2020-04-16 19:43:55+00:00,2.0
1303592887129645056,2020-09-09 07:15:38+00:00,0.0
1308586404478320641,2020-09-23 01:58:05+00:00,2.0
1313041237214076928,2020-10-05 09:00:00+00:00,3.0
1226983827681226753,2020-02-10 21:38:35+00:00,0.0
1236646851933339648,2020-03-08 13:35:59+00:00,1.0
1197533944121573376,2019-11-21 15:15:16+00:00,3.0
1254866172366819328,2020-04-27 20:13:04+00:00,0.0
1327266244945453057,2020-11-13 15:05:06+00:00,3.0
1317714064722874369,2020-10-18 06:28:09+00:00,2.0
1255854085280083982,2020-04-30 13:38:41+00:00,0.0
1180545754181574658,2019-10-05 18:10:15+00:00,0.0
1310973855926636544,2020-09-29 16:04:58+00:00,0.0
1305098962840543236,2020-09-13 11:00:14+00:00,3.0
1259048948305715203,2020-05-09 09:13:55+00:00,3.0
1305796279860170753,2020-09-15 09:11:08+00:00,1.0
1258669048482672640,2020-05-08 08:04:20+00:00,1.0
1306510952142077953,2020-09-17 08:30:59+00:00,0.0
1193113437506822144,2019-11-09 10:29:45+00:00,1.0
